,_id_x,RoleId_x,department,skillId_x,role_name,skill_name,name_x,desc_x,created_at_x,updated_at_x,user_count_x,_id,name_y,created_at_y,updated_at_y,desc_y,skillId_x,user_count_x
0,66ff9021a325dc5b0d7d3a89,66fd595030450c2a76ac0219,FULL_STACK,66ff7be7d1312483599a8dd8,Software Engineer,Frontend,Software Engineer,Software Engineer,2024-10-02,2024-10-02,5,66ff7be7d1312483599a8dd8,Frontend,2024-10-04,2024-10-04,Frontend,66ff7be7d1312483599a8dd8,1
1,66ff904aa325dc5b0d7d3a8f,66fd540a30450c2a76ac020f,FULL_STACK,66ff7be7d1312483599a8dd8,Senior Software Engineer,Frontend,Senior Software Engineer,Senior Software Engineer,2024-10-02,2024-10-02,6,66ff7be7d1312483599a8dd8,Frontend,2024-10-04,2024-10-04,Frontend,66ff7be7d1312483599a8dd8,1
2,67023f301b525e6c3ca49ab9,66fd544630450c2a76ac0211,FULL_STACK,66ff7be7d1312483599a8dd8,Solution Enabler,Frontend,Solution Enabler,Solution Enabler,2024-10-02,2024-10-02,7,66ff7be7d1312483599a8dd8,Frontend,2024-10-04,2024-10-04,Frontend,66ff7be7d1312483599a8dd8,1
3,67023f301b525e6c3ca49ab7,66fd544630450c2a76ac0211,FULL_STACK,66fd1200959f8b790f41290f,Solution Enabler,Data Process,Solution Enabler,Solution Enabler,2024-10-02,2024-10-02,7,66fd1200959f8b790f41290f,Data Process,2024-10-02,2024-10-02,Data  processing,66fd1200959f8b790f41290f,1
4,72d31304-c49f-49d7-8a52-b527ff3a2cab,100ac7ef-7112-488f-adf2-f9c1608d49b2,DATA_ENGINEERING,ea2ef5c4-4e9c-4d08-b232-d94be9df5e12,century,get,century,Possible capital fast or finally new Mr market.,2024-05-04,2023-09-07,10,ea2ef5c4-4e9c-4d08-b232-d94be9df5e12,get,2020-10-24,2024-04-05,Recognize seem expert rather.,ea2ef5c4-4e9c-4d08-b232-d94be9df5e12,298
5,c15e3e24-d1ed-4120-87be-69dad0c48cdc,079a7da7-7b16-44e6-bc94-9e7aa6e221d5,DEVOPS,ea2ef5c4-4e9c-4d08-b232-d94be9df5e12,change,get,change,Spend color child during.,2022-11-20,2024-04-16,10,ea2ef5c4-4e9c-4d08-b232-d94be9df5e12,get,2020-10-24,2024-04-05,Recognize seem expert rather.,ea2ef5c4-4e9c-4d08-b232-d94be9df5e12,298
6,357c4be2-620b-4c04-99e9-167ab9ce28b5,100ac7ef-7112-488f-adf2-f9c1608d49b2,OTHER,0baa0362-9abc-45ef-8da2-468fd7f19fb4,century,cut,century,Possible capital fast or finally new Mr market.,2024-05-04,2023-09-07,10,0baa0362-9abc-45ef-8da2-468fd7f19fb4,cut,2023-10-10,2021-09-27,Energy test trial hundred system no.,0baa0362-9abc-45ef-8da2-468fd7f19fb4,269
7,fafb88a8-4d2c-4991-9339-be9555817414,c2110ca2-adba-4332-bf04-9d121d224cc1,DATA_ANALYTICS,0baa0362-9abc-45ef-8da2-468fd7f19fb4,let,cut,let,Heart bag newspaper camera man.,2023-08-10,2023-12-09,10,0baa0362-9abc-45ef-8da2-468fd7f19fb4,cut,2023-10-10,2021-09-27,Energy test trial hundred system no.,0baa0362-9abc-45ef-8da2-468fd7f19fb4,269
8,130b271c-1dc2-4bdf-9b51-9bfbb5e71c32,7403751e-02d6-4560-ab09-c7528a0fb8ab,ADMIN,0baa0362-9abc-45ef-8da2-468fd7f19fb4,result,cut,result,Result force plant.,2023-07-31,2022-06-07,10,0baa0362-9abc-45ef-8da2-468fd7f19fb4,cut,2023-10-10,2021-09-27,Energy test trial hundred system no.,0baa0362-9abc-45ef-8da2-468fd7f19fb4,269
9,365e4659-c232-4582-8b3b-cd8b2e6e632f,76fba540-2817-4293-b9ae-dd2aa77acbc1,ADMIN,0baa0362-9abc-45ef-8da2-468fd7f19fb4,positive,cut,positive,National project game cup fill executive.,2022-10-06,2021-04-07,10,0baa0362-9abc-45ef-8da2-468fd7f19fb4,cut,2023-10-10,2021-09-27,Energy test trial hundred system no.,0baa0362-9abc-45ef-8da2-468fd7f19fb4,269
10,47b4958a-f243-469c-808e-288df3eec59e,100ac7ef-7112-488f-adf2-f9c1608d49b2,OTHER,be33d2b5-057f-467b-83f6-7f45cfa3b8f7,century,sell,century,Possible capital fast or finally new Mr market.,2024-05-04,2023-09-07,10,be33d2b5-057f-467b-83f6-7f45cfa3b8f7,sell,2023-05-12,2020-08-09,Court certain be personal able late security.,be33d2b5-057f-467b-83f6-7f45cfa3b8f7,322
11,4b5ae4df-6f82-4851-a6ed-143d80cf96d4,2c8336a8-a2e4-4c10-8705-901c8f6b4775,ADMIN,be33d2b5-057f-467b-83f6-7f45cfa3b8f7,Democrat,sell,Democrat,I during beat worry however goal sort.,2022-04-14,2023-08-02,10,be33d2b5-057f-467b-83f6-7f45cfa3b8f7,sell,2023-05-12,2020-08-09,Court certain be personal able late security.,be33d2b5-057f-467b-83f6-7f45cfa3b8f7,322
12,4f875715-6510-44bd-aedc-b46bf21a6fc5,100ac7ef-7112-488f-adf2-f9c1608d49b2,OTHER,0830c0ce-958a-4df0-8073-8857d9805530,century,religious,century,Possible capital fast or finally new Mr market.,2024-05-04,2023-09-07,10,0830c0ce-958a-4df0-8073-8857d9805530,religious,2021-12-07,2024-06-26,Else person wide work.,0830c0ce-958a-4df0-8073-8857d9805530,312
13,1d72b1c3-23c2-4904-8c47-551820ac9241,100ac7ef-7112-488f-adf2-f9c1608d49b2,OTHER,839226f4-3d99-40a2-a373-92fa9490c725,century,account,century,Possible capital fast or finally new Mr market.,2024-05-04,2023-09-07,10,839226f4-3d99-40a2-a373-92fa9490c725,account,2023-07-15,2020-10-09,Tree interview experience.,839226f4-3d99-40a2-a373-92fa9490c725,309
14,e0af2125-fa1b-4d13-a44a-1172d064960d,c2110ca2-adba-4332-bf04-9d121d224cc1,OTHER,839226f4-3d99-40a2-a373-92fa9490c725,let,account,let,Heart bag newspaper camera man.,2023-08-10,2023-12-09,10,839226f4-3d99-40a2-a373-92fa9490c725,account,2023-07-15,2020-10-09,Tree interview experience.,839226f4-3d99-40a2-a373-92fa9490c725,309
15,a214423a-9dd4-456f-a175-186efb57693c,335eff01-3ed3-44f5-ada7-4d2344652b5f,ADMIN,839226f4-3d99-40a2-a373-92fa9490c725,two,account,two,Travel customer yourself almost same.,2023-08-06,2021-08-08,10,839226f4-3d99-40a2-a373-92fa9490c725,account,2023-07-15,2020-10-09,Tree interview experience.,839226f4-3d99-40a2-a373-92fa9490c725,309
16,37d711aa-961a-4279-b734-7cc617f57076,6d1f0af0-6bbb-470a-8134-ecaaeae6d623,DATA_ANALYTICS,839226f4-3d99-40a2-a373-92fa9490c725,decision,account,decision,Of world financial ready protect.,2024-07-13,2021-12-17,10,839226f4-3d99-40a2-a373-92fa9490c725,account,2023-07-15,2020-10-09,Tree interview experience.,839226f4-3d99-40a2-a373-92fa9490c725,309
17,9db8666b-a852-4c94-824f-ca3030d2c384,100ac7ef-7112-488f-adf2-f9c1608d49b2,OTHER,ee7b681b-22d4-4db4-b3dc-c163618ab328,century,staff,century,Possible capital fast or finally new Mr market.,2024-05-04,2023-09-07,10,ee7b681b-22d4-4db4-b3dc-c163618ab328,staff,2022-07-27,2021-03-20,Break establish within rich carry house than couple.,ee7b681b-22d4-4db4-b3dc-c163618ab328,304
18,561a1486-b039-437a-b442-6d8c88b43589,100ac7ef-7112-488f-adf2-f9c1608d49b2,OTHER,f286d7a2-7728-41a1-9f77-9230942b8500,century,forward,century,Possible capital fast or finally new Mr market.,2024-05-04,2023-09-07,10,f286d7a2-7728-41a1-9f77-9230942b8500,forward,2021-10-25,2020-07-01,Interesting create husband kind trade three.,f286d7a2-7728-41a1-9f77-9230942b8500,284
19,7351a92a-6a93-493d-83b6-8bf6ab9d2b10,22cb7f0f-28bb-454c-9f48-73c97e0efe5e,DATA_ANALYTICS,f286d7a2-7728-41a1-9f77-9230942b8500,office,forward,office,Increase every house trial mother manage apply.,2020-09-22,2024-02-13,10,f286d7a2-7728-41a1-9f77-9230942b8500,forward,2021-10-25,2020-07-01,Interesting create husband kind trade three.,f286d7a2-7728-41a1-9f77-9230942b8500,284
20,2dd1e370-14ef-4263-afb5-c9a2225a8606,2c8336a8-a2e4-4c10-8705-901c8f6b4775,DATA_ANALYTICS,f286d7a2-7728-41a1-9f77-9230942b8500,Democrat,forward,Democrat,I during beat worry however goal sort.,2022-04-14,2023-08-02,10,f286d7a2-7728-41a1-9f77-9230942b8500,forward,2021-10-25,2020-07-01,Interesting create husband kind trade three.,f286d7a2-7728-41a1-9f77-9230942b8500,284
21,8cd4792a-636a-49c8-a84d-44604447be78,100ac7ef-7112-488f-adf2-f9c1608d49b2,ADMIN,5dcc1cf8-ae27-40d4-9305-315ee7621cb5,century,player,century,Possible capital fast or finally new Mr market.,2024-05-04,2023-09-07,10,5dcc1cf8-ae27-40d4-9305-315ee7621cb5,player,2024-01-02,2020-05-04,But grow song successful.,5dcc1cf8-ae27-40d4-9305-315ee7621cb5,308
22,19746f07-d220-4342-be09-aef77092ed40,50d84c1b-4699-4a93-96ad-f1fd336cf39a,FULL_STACK,5dcc1cf8-ae27-40d4-9305-315ee7621cb5,rock,player,rock,Eat remember speak war always.,2024-07-07,2022-10-07,10,5dcc1cf8-ae27-40d4-9305-315ee7621cb5,player,2024-01-02,2020-05-04,But grow song successful.,5dcc1cf8-ae27-40d4-9305-315ee7621cb5,308
23,20d0c504-5edc-488e-b36f-57d4eb71c46b,7403751e-02d6-4560-ab09-c7528a0fb8ab,FULL_STACK,5dcc1cf8-ae27-40d4-9305-315ee7621cb5,result,player,result,Result force plant.,2023-07-31,2022-06-07,10,5dcc1cf8-ae27-40d4-9305-315ee7621cb5,player,2024-01-02,2020-05-04,But grow song successful.,5dcc1cf8-ae27-40d4-9305-315ee7621cb5,308
24,f57d9b89-1e07-4d6b-9e64-1be19d51aacb,355c2d2d-533f-43f7-a83c-5f034da99eb2,DEVOPS,5dcc1cf8-ae27-40d4-9305-315ee7621cb5,argue,player,argue,Speak drive build start risk boy.,2023-08-07,2023-11-11,10,5dcc1cf8-ae27-40d4-9305-315ee7621cb5,player,2024-01-02,2020-05-04,But grow song successful.,5dcc1cf8-ae27-40d4-9305-315ee7621cb5,308
25,ea74e314-20a4-49d4-876b-69c3d86ae69b,100ac7ef-7112-488f-adf2-f9c1608d49b2,DATA_ENGINEERING,85ec13bc-ad24-44a3-b1cb-7c854d6bb57d,century,item,century,Possible capital fast or finally new Mr market.,2024-05-04,2023-09-07,10,85ec13bc-ad24-44a3-b1cb-7c854d6bb57d,item,2023-04-21,2023-08-21,Travel effect sister become.,85ec13bc-ad24-44a3-b1cb-7c854d6bb57d,328
26,542c5c4e-669e-4400-8e12-3b75c47e59e3,335eff01-3ed3-44f5-ada7-4d2344652b5f,DEVOPS,85ec13bc-ad24-44a3-b1cb-7c854d6bb57d,two,item,two,Travel customer yourself almost same.,2023-08-06,2021-08-08,10,85ec13bc-ad24-44a3-b1cb-7c854d6bb57d,item,2023-04-21,2023-08-21,Travel effect sister become.,85ec13bc-ad24-44a3-b1cb-7c854d6bb57d,328
27,fe7a440d-a556-4116-84f0-c7d60cdc7581,f089dd73-29a0-413a-b6f7-dba5ed504c88,DEVOPS,85ec13bc-ad24-44a3-b1cb-7c854d6bb57d,carry,item,carry,Truth view white begin.,2022-09-28,2023-06-01,10,85ec13bc-ad24-44a3-b1cb-7c854d6bb57d,item,2023-04-21,2023-08-21,Travel effect sister become.,85ec13bc-ad24-44a3-b1cb-7c854d6bb57d,328
28,0ccd7f05-43f6-4eae-8a87-6700d07dac45,100ac7ef-7112-488f-adf2-f9c1608d49b2,DATA_ANALYTICS,397ad7a0-f5a7-4646-a4c7-31823ae48d65,century,night,century,Possible capital fast or finally new Mr market.,2024-05-04,2023-09-07,10,397ad7a0-f5a7-4646-a4c7-31823ae48d65,night,2023-08-26,2023-06-17,History cultural hour bill.,397ad7a0-f5a7-4646-a4c7-31823ae48d65,315
29,ba008a7a-6ebf-47c0-9f93-751ac8bf8a25,22cb7f0f-28bb-454c-9f48-73c97e0efe5e,DEVOPS,397ad7a0-f5a7-4646-a4c7-31823ae48d65,office,night,office,Increase every house trial mother manage apply.,2020-09-22,2024-02-13,10,397ad7a0-f5a7-4646-a4c7-31823ae48d65,night,2023-08-26,2023-06-17,History cultural hour bill.,397ad7a0-f5a7-4646-a4c7-31823ae48d65,315
30,aa6b5be2-956e-443c-b340-68109900ca6f,50d84c1b-4699-4a93-96ad-f1fd336cf39a,DATA_ENGINEERING,1f759b07-cc50-4d9d-bb7a-e271a38f20ac,rock,race,rock,Eat remember speak war always.,2024-07-07,2022-10-07,10,1f759b07-cc50-4d9d-bb7a-e271a38f20ac,race,2021-01-14,2020-12-04,Strong toward theory fight business.,1f759b07-cc50-4d9d-bb7a-e271a38f20ac,276
31,1299133f-34cd-4623-a70d-a936f46a753c,50d84c1b-4699-4a93-96ad-f1fd336cf39a,OTHER,e9ba9fa1-d3a4-40a7-9d8d-7164a9c24571,rock,drive,rock,Eat remember speak war always.,2024-07-07,2022-10-07,10,e9ba9fa1-d3a4-40a7-9d8d-7164a9c24571,drive,2021-11-26,2022-01-25,Audience mission design ready until miss single Mrs.,e9ba9fa1-d3a4-40a7-9d8d-7164a9c24571,281
32,b8989083-6aac-4a91-81ce-ad609be63bd5,50d84c1b-4699-4a93-96ad-f1fd336cf39a,DATA_ENGINEERING,34d7a673-c27f-4bf5-9a07-2618ad071b65,rock,help,rock,Eat remember speak war always.,2024-07-07,2022-10-07,10,34d7a673-c27f-4bf5-9a07-2618ad071b65,help,2020-09-10,2024-08-19,People just might certainly prepare somebody college industry.,34d7a673-c27f-4bf5-9a07-2618ad071b65,300
33,1f750623-aba0-4cc3-a5d9-8f7909f42f42,3bff3276-ee0f-45d2-8dcd-df07d5cb8346,OTHER,34d7a673-c27f-4bf5-9a07-2618ad071b65,very,help,very,Keep to test set remember bill safe.,2024-01-25,2023-06-21,10,34d7a673-c27f-4bf5-9a07-2618ad071b65,help,2020-09-10,2024-08-19,People just might certainly prepare somebody college industry.,34d7a673-c27f-4bf5-9a07-2618ad071b65,300
34,4631784a-6b83-440f-b69c-8cf9ae77fd2b,50d84c1b-4699-4a93-96ad-f1fd336cf39a,DATA_ENGINEERING,6d0413c5-cd76-42de-88ae-530e70b00641,rock,investment,rock,Eat remember speak war always.,2024-07-07,2022-10-07,10,6d0413c5-cd76-42de-88ae-530e70b00641,investment,2022-04-22,2023-06-16,Bring speak day simple.,6d0413c5-cd76-42de-88ae-530e70b00641,322
35,4081a9b6-4016-4601-b244-b8707714df5e,50d84c1b-4699-4a93-96ad-f1fd336cf39a,FULL_STACK,e0166a1a-1f6d-4fa4-87e5-322de31a397a,rock,store,rock,Eat remember speak war always.,2024-07-07,2022-10-07,10,e0166a1a-1f6d-4fa4-87e5-322de31a397a,store,2022-10-05,2020-01-20,Memory national build paper assume follow quickly.,e0166a1a-1f6d-4fa4-87e5-322de31a397a,306
36,a6085dc0-d39e-43d9-b460-656a54fe6fd5,242e1513-5ad2-4189-afaf-669d6753f57b,DATA_ENGINEERING,e0166a1a-1f6d-4fa4-87e5-322de31a397a,security,store,security,Catch since central everybody special cell national gun.,2023-08-22,2024-08-06,10,e0166a1a-1f6d-4fa4-87e5-322de31a397a,store,2022-10-05,2020-01-20,Memory national build paper assume follow quickly.,e0166a1a-1f6d-4fa4-87e5-322de31a397a,306
37,c7a592f4-3453-423f-b245-eaa86167a068,68d523fe-d71a-4a66-915a-950cbce914e2,DATA_ENGINEERING,e0166a1a-1f6d-4fa4-87e5-322de31a397a,talk,store,talk,Few bring tree.,2020-08-29,2021-07-17,10,e0166a1a-1f6d-4fa4-87e5-322de31a397a,store,2022-10-05,2020-01-20,Memory national build paper assume follow quickly.,e0166a1a-1f6d-4fa4-87e5-322de31a397a,306
38,58a0f276-de91-4ae1-bfa2-d097d829514a,50d84c1b-4699-4a93-96ad-f1fd336cf39a,DEVOPS,a106f45f-1c5e-4dfc-ad09-b7cd4f497998,rock,impact,rock,Eat remember speak war always.,2024-07-07,2022-10-07,10,a106f45f-1c5e-4dfc-ad09-b7cd4f497998,impact,2021-12-05,2020-05-11,So approach those artist experience small major.,a106f45f-1c5e-4dfc-ad09-b7cd4f497998,287
39,c0c9a05d-be83-4310-a1e1-bcd68789a848,a0683cc9-251b-4b28-be06-ecacc5359757,DEVOPS,a106f45f-1c5e-4dfc-ad09-b7cd4f497998,all,impact,all,Morning however air number.,2022-11-10,2024-08-25,10,a106f45f-1c5e-4dfc-ad09-b7cd4f497998,impact,2021-12-05,2020-05-11,So approach those artist experience small major.,a106f45f-1c5e-4dfc-ad09-b7cd4f497998,287
40,3f4e9bfe-87aa-4759-acb2-df93e130fee5,f089dd73-29a0-413a-b6f7-dba5ed504c88,ADMIN,a106f45f-1c5e-4dfc-ad09-b7cd4f497998,carry,impact,carry,Truth view white begin.,2022-09-28,2023-06-01,10,a106f45f-1c5e-4dfc-ad09-b7cd4f497998,impact,2021-12-05,2020-05-11,So approach those artist experience small major.,a106f45f-1c5e-4dfc-ad09-b7cd4f497998,287
41,a61b69bf-a58d-41a7-ada4-8633cdfb36e6,50d84c1b-4699-4a93-96ad-f1fd336cf39a,OTHER,318a5960-4df1-4d72-b7cf-25ebe740e081,rock,professional,rock,Eat remember speak war always.,2024-07-07,2022-10-07,10,318a5960-4df1-4d72-b7cf-25ebe740e081,professional,2021-03-12,2021-02-27,Police whole reach listen discuss bring life.,318a5960-4df1-4d72-b7cf-25ebe740e081,276
42,53a7c229-3ed6-4ed9-87e5-f808dc756755,c2110ca2-adba-4332-bf04-9d121d224cc1,DEVOPS,318a5960-4df1-4d72-b7cf-25ebe740e081,let,professional,let,Heart bag newspaper camera man.,2023-08-10,2023-12-09,10,318a5960-4df1-4d72-b7cf-25ebe740e081,professional,2021-03-12,2021-02-27,Police whole reach listen discuss bring life.,318a5960-4df1-4d72-b7cf-25ebe740e081,276
43,057ba733-49ea-48cf-a5b8-b664447c037f,22cb7f0f-28bb-454c-9f48-73c97e0efe5e,DATA_ENGINEERING,318a5960-4df1-4d72-b7cf-25ebe740e081,office,professional,office,Increase every house trial mother manage apply.,2020-09-22,2024-02-13,10,318a5960-4df1-4d72-b7cf-25ebe740e081,professional,2021-03-12,2021-02-27,Police whole reach listen discuss bring life.,318a5960-4df1-4d72-b7cf-25ebe740e081,276
44,45cfee9d-e59e-4eba-99cd-b4ff3229366f,68d523fe-d71a-4a66-915a-950cbce914e2,ADMIN,318a5960-4df1-4d72-b7cf-25ebe740e081,talk,professional,talk,Few bring tree.,2020-08-29,2021-07-17,10,318a5960-4df1-4d72-b7cf-25ebe740e081,professional,2021-03-12,2021-02-27,Police whole reach listen discuss bring life.,318a5960-4df1-4d72-b7cf-25ebe740e081,276
45,71de948c-2fa0-450e-b790-1e051b42552f,50d84c1b-4699-4a93-96ad-f1fd336cf39a,DEVOPS,085a5cd5-fb32-465a-bb00-9cdd65278c97,rock,feeling,rock,Eat remember speak war always.,2024-07-07,2022-10-07,10,085a5cd5-fb32-465a-bb00-9cdd65278c97,feeling,2024-09-20,2024-08-17,Story resource play budget old color.,085a5cd5-fb32-465a-bb00-9cdd65278c97,296
46,21c34faa-f60c-4888-ac94-5c784d97f389,7403751e-02d6-4560-ab09-c7528a0fb8ab,ADMIN,085a5cd5-fb32-465a-bb00-9cdd65278c97,result,feeling,result,Result force plant.,2023-07-31,2022-06-07,10,085a5cd5-fb32-465a-bb00-9cdd65278c97,feeling,2024-09-20,2024-08-17,Story resource play budget old color.,085a5cd5-fb32-465a-bb00-9cdd65278c97,296
47,5166d7b9-cb63-48d5-b585-7475ad6063d3,3bff3276-ee0f-45d2-8dcd-df07d5cb8346,FULL_STACK,085a5cd5-fb32-465a-bb00-9cdd65278c97,very,feeling,very,Keep to test set remember bill safe.,2024-01-25,2023-06-21,10,085a5cd5-fb32-465a-bb00-9cdd65278c97,feeling,2024-09-20,2024-08-17,Story resource play budget old color.,085a5cd5-fb32-465a-bb00-9cdd65278c97,296
48,9ef27a7a-6103-42fb-a830-92195e9af878,9a857edb-7685-453d-bc33-ed5032191e9c,DEVOPS,085a5cd5-fb32-465a-bb00-9cdd65278c97,money,feeling,money,Later by heart thought.,2023-01-12,2024-02-18,10,085a5cd5-fb32-465a-bb00-9cdd65278c97,feeling,2024-09-20,2024-08-17,Story resource play budget old color.,085a5cd5-fb32-465a-bb00-9cdd65278c97,296
49,62d45d7e-22b2-449a-8c7e-17bc71d8a102,50d84c1b-4699-4a93-96ad-f1fd336cf39a,DEVOPS,d6285f23-09d4-4b1f-9cec-9356d91868e5,rock,song,rock,Eat remember speak war always.,2024-07-07,2022-10-07,10,d6285f23-09d4-4b1f-9cec-9356d91868e5,song,2021-02-17,2021-09-17,Throughout build government.,d6285f23-09d4-4b1f-9cec-9356d91868e5,300
50,45801d5a-416b-458b-a6c8-98c45c4b8591,3bff3276-ee0f-45d2-8dcd-df07d5cb8346,DEVOPS,d6285f23-09d4-4b1f-9cec-9356d91868e5,very,song,very,Keep to test set remember bill safe.,2024-01-25,2023-06-21,10,d6285f23-09d4-4b1f-9cec-9356d91868e5,song,2021-02-17,2021-09-17,Throughout build government.,d6285f23-09d4-4b1f-9cec-9356d91868e5,300
51,9b9c5094-9893-46fe-aa04-39fcebdedaad,c2110ca2-adba-4332-bf04-9d121d224cc1,ADMIN,2f987dd3-3343-4ead-821f-d95b2fde8907,let,store,let,Heart bag newspaper camera man.,2023-08-10,2023-12-09,10,2f987dd3-3343-4ead-821f-d95b2fde8907,store,2020-10-31,2020-05-16,Now operation Mrs join foreign beautiful.,2f987dd3-3343-4ead-821f-d95b2fde8907,292
52,95986028-7f76-40c4-b780-2f812bf38be6,3bff3276-ee0f-45d2-8dcd-df07d5cb8346,FULL_STACK,2f987dd3-3343-4ead-821f-d95b2fde8907,very,store,very,Keep to test set remember bill safe.,2024-01-25,2023-06-21,10,2f987dd3-3343-4ead-821f-d95b2fde8907,store,2020-10-31,2020-05-16,Now operation Mrs join foreign beautiful.,2f987dd3-3343-4ead-821f-d95b2fde8907,292
53,248fc8ef-2280-494d-afa1-92cd1fe820c3,c2110ca2-adba-4332-bf04-9d121d224cc1,DEVOPS,fc819e29-8d7c-44a8-ae38-91dc0a39a0e5,let,because,let,Heart bag newspaper camera man.,2023-08-10,2023-12-09,10,fc819e29-8d7c-44a8-ae38-91dc0a39a0e5,because,2024-07-23,2023-06-07,Explain free continue night.,fc819e29-8d7c-44a8-ae38-91dc0a39a0e5,315
54,9c8a189f-2fec-41c8-adcf-f3becf201d6b,37928751-05e5-46f9-811a-05b1a59119a0,FULL_STACK,fc819e29-8d7c-44a8-ae38-91dc0a39a0e5,assume,because,assume,Visit long mission bar third.,2021-03-05,2024-01-14,10,fc819e29-8d7c-44a8-ae38-91dc0a39a0e5,because,2024-07-23,2023-06-07,Explain free continue night.,fc819e29-8d7c-44a8-ae38-91dc0a39a0e5,315
55,8fdff418-aa80-41eb-b699-62d0380d3ab2,c2110ca2-adba-4332-bf04-9d121d224cc1,FULL_STACK,646710b2-fde0-484c-95f5-4029e822d5c5,let,information,let,Heart bag newspaper camera man.,2023-08-10,2023-12-09,10,646710b2-fde0-484c-95f5-4029e822d5c5,information,2022-06-26,2021-03-01,Money argue standard message explain as short able.,646710b2-fde0-484c-95f5-4029e822d5c5,287
56,eb9fc94b-cfe9-4df5-b22d-3cb25c887322,335eff01-3ed3-44f5-ada7-4d2344652b5f,ADMIN,646710b2-fde0-484c-95f5-4029e822d5c5,two,information,two,Travel customer yourself almost same.,2023-08-06,2021-08-08,10,646710b2-fde0-484c-95f5-4029e822d5c5,information,2022-06-26,2021-03-01,Money argue standard message explain as short able.,646710b2-fde0-484c-95f5-4029e822d5c5,287
57,2849aa7b-b26a-4150-b9a0-63399e8f2f5f,37928751-05e5-46f9-811a-05b1a59119a0,DEVOPS,646710b2-fde0-484c-95f5-4029e822d5c5,assume,information,assume,Visit long mission bar third.,2021-03-05,2024-01-14,10,646710b2-fde0-484c-95f5-4029e822d5c5,information,2022-06-26,2021-03-01,Money argue standard message explain as short able.,646710b2-fde0-484c-95f5-4029e822d5c5,287
58,bd11bde8-27a8-4804-b0cd-1e18c6081755,c2110ca2-adba-4332-bf04-9d121d224cc1,DEVOPS,e577910d-3caf-4fe3-9e04-65e0130c1206,let,ball,let,Heart bag newspaper camera man.,2023-08-10,2023-12-09,10,e577910d-3caf-4fe3-9e04-65e0130c1206,ball,2024-08-03,2023-07-24,Pretty catch thing pressure.,e577910d-3caf-4fe3-9e04-65e0130c1206,300
59,855bf410-fe04-46f9-b2e9-517cb333351d,079a7da7-7b16-44e6-bc94-9e7aa6e221d5,DATA_ENGINEERING,e577910d-3caf-4fe3-9e04-65e0130c1206,change,ball,change,Spend color child during.,2022-11-20,2024-04-16,10,e577910d-3caf-4fe3-9e04-65e0130c1206,ball,2024-08-03,2023-07-24,Pretty catch thing pressure.,e577910d-3caf-4fe3-9e04-65e0130c1206,300
60,e7a28b7e-1f92-4660-8df4-7a122cae1b59,9a857edb-7685-453d-bc33-ed5032191e9c,DEVOPS,e577910d-3caf-4fe3-9e04-65e0130c1206,money,ball,money,Later by heart thought.,2023-01-12,2024-02-18,10,e577910d-3caf-4fe3-9e04-65e0130c1206,ball,2024-08-03,2023-07-24,Pretty catch thing pressure.,e577910d-3caf-4fe3-9e04-65e0130c1206,300
61,befd0f2b-2d3d-4237-a508-5633f4cf3211,f089dd73-29a0-413a-b6f7-dba5ed504c88,DATA_ANALYTICS,e577910d-3caf-4fe3-9e04-65e0130c1206,carry,ball,carry,Truth view white begin.,2022-09-28,2023-06-01,10,e577910d-3caf-4fe3-9e04-65e0130c1206,ball,2024-08-03,2023-07-24,Pretty catch thing pressure.,e577910d-3caf-4fe3-9e04-65e0130c1206,300
62,86107c1d-d56e-4dce-9cbf-88abd10f2ad7,c2110ca2-adba-4332-bf04-9d121d224cc1,DATA_ANALYTICS,6408bc6b-41b9-468a-84a6-61c2813cf89e,let,majority,let,Heart bag newspaper camera man.,2023-08-10,2023-12-09,10,6408bc6b-41b9-468a-84a6-61c2813cf89e,majority,2022-10-08,2021-02-28,Consumer although walk teach.,6408bc6b-41b9-468a-84a6-61c2813cf89e,330
63,d2a6536e-cac1-4bba-be32-29e90bbe7107,a0683cc9-251b-4b28-be06-ecacc5359757,ADMIN,6408bc6b-41b9-468a-84a6-61c2813cf89e,all,majority,all,Morning however air number.,2022-11-10,2024-08-25,10,6408bc6b-41b9-468a-84a6-61c2813cf89e,majority,2022-10-08,2021-02-28,Consumer although walk teach.,6408bc6b-41b9-468a-84a6-61c2813cf89e,330
64,c4f3da04-bdb1-421b-8c89-e4627e58df9e,c2110ca2-adba-4332-bf04-9d121d224cc1,DATA_ANALYTICS,4fa82c0b-765a-4177-9fd6-aa869d7b2e11,let,cut,let,Heart bag newspaper camera man.,2023-08-10,2023-12-09,10,4fa82c0b-765a-4177-9fd6-aa869d7b2e11,cut,2023-06-16,2020-05-07,Simple attorney add fast star.,4fa82c0b-765a-4177-9fd6-aa869d7b2e11,295
65,540249b4-d275-41f0-9126-0a6bfb3df48a,a0683cc9-251b-4b28-be06-ecacc5359757,OTHER,4fa82c0b-765a-4177-9fd6-aa869d7b2e11,all,cut,all,Morning however air number.,2022-11-10,2024-08-25,10,4fa82c0b-765a-4177-9fd6-aa869d7b2e11,cut,2023-06-16,2020-05-07,Simple attorney add fast star.,4fa82c0b-765a-4177-9fd6-aa869d7b2e11,295
66,2fab9455-72bf-4a71-a216-15ade6c16f15,079a7da7-7b16-44e6-bc94-9e7aa6e221d5,DEVOPS,4fa82c0b-765a-4177-9fd6-aa869d7b2e11,change,cut,change,Spend color child during.,2022-11-20,2024-04-16,10,4fa82c0b-765a-4177-9fd6-aa869d7b2e11,cut,2023-06-16,2020-05-07,Simple attorney add fast star.,4fa82c0b-765a-4177-9fd6-aa869d7b2e11,295
67,a50606b4-e837-46ce-80ba-8b25c51f5da4,c2110ca2-adba-4332-bf04-9d121d224cc1,DEVOPS,717bbb51-d0c4-4a9e-9f31-45e73e3688e8,let,decade,let,Heart bag newspaper camera man.,2023-08-10,2023-12-09,10,717bbb51-d0c4-4a9e-9f31-45e73e3688e8,decade,2023-05-14,2020-04-26,Word bag program share clearly very cut.,717bbb51-d0c4-4a9e-9f31-45e73e3688e8,288
68,9b18c3e7-e3af-41b4-8c01-bb99b5c049ab,3bff3276-ee0f-45d2-8dcd-df07d5cb8346,DATA_ENGINEERING,717bbb51-d0c4-4a9e-9f31-45e73e3688e8,very,decade,very,Keep to test set remember bill safe.,2024-01-25,2023-06-21,10,717bbb51-d0c4-4a9e-9f31-45e73e3688e8,decade,2023-05-14,2020-04-26,Word bag program share clearly very cut.,717bbb51-d0c4-4a9e-9f31-45e73e3688e8,288
69,9bf8a310-da5d-42b8-ae4a-702a084595ec,335eff01-3ed3-44f5-ada7-4d2344652b5f,OTHER,69038d1a-6bea-4966-9f09-9e5cf799c364,two,case,two,Travel customer yourself almost same.,2023-08-06,2021-08-08,10,69038d1a-6bea-4966-9f09-9e5cf799c364,case,2021-01-12,2020-06-04,Model artist act when deal student civil.,69038d1a-6bea-4966-9f09-9e5cf799c364,319
70,494154e9-935a-4316-beee-23062f3c6c0f,19adcd6a-d040-43f5-8df4-f2776037d25e,DEVOPS,69038d1a-6bea-4966-9f09-9e5cf799c364,improve,case,improve,Now outside four hundred weight both partner.,2021-02-20,2022-03-30,10,69038d1a-6bea-4966-9f09-9e5cf799c364,case,2021-01-12,2020-06-04,Model artist act when deal student civil.,69038d1a-6bea-4966-9f09-9e5cf799c364,319
71,f22d6404-3b56-47e6-a4ce-f81117949970,335eff01-3ed3-44f5-ada7-4d2344652b5f,DATA_ENGINEERING,32a6285c-7ba3-4e1e-9016-7ed6e858e90c,two,anyone,two,Travel customer yourself almost same.,2023-08-06,2021-08-08,10,32a6285c-7ba3-4e1e-9016-7ed6e858e90c,anyone,2023-12-02,2022-04-11,Role soldier perform person risk market challenge.,32a6285c-7ba3-4e1e-9016-7ed6e858e90c,281
72,f07c2b35-3e1e-4c14-9027-4056b40229e4,76fba540-2817-4293-b9ae-dd2aa77acbc1,ADMIN,32a6285c-7ba3-4e1e-9016-7ed6e858e90c,positive,anyone,positive,National project game cup fill executive.,2022-10-06,2021-04-07,10,32a6285c-7ba3-4e1e-9016-7ed6e858e90c,anyone,2023-12-02,2022-04-11,Role soldier perform person risk market challenge.,32a6285c-7ba3-4e1e-9016-7ed6e858e90c,281
73,a6ad0799-33cf-4159-abf3-5f2bbf91ef7a,335eff01-3ed3-44f5-ada7-4d2344652b5f,FULL_STACK,ab73952a-e229-47c7-a5fc-efa709406749,two,next,two,Travel customer yourself almost same.,2023-08-06,2021-08-08,10,ab73952a-e229-47c7-a5fc-efa709406749,next,2024-03-27,2020-06-21,Deal safe pay glass.,ab73952a-e229-47c7-a5fc-efa709406749,284
74,4e97edbc-82eb-45b5-8e94-5521406b9166,6d1f0af0-6bbb-470a-8134-ecaaeae6d623,DEVOPS,ab73952a-e229-47c7-a5fc-efa709406749,decision,next,decision,Of world financial ready protect.,2024-07-13,2021-12-17,10,ab73952a-e229-47c7-a5fc-efa709406749,next,2024-03-27,2020-06-21,Deal safe pay glass.,ab73952a-e229-47c7-a5fc-efa709406749,284
75,422230bd-f94c-43c4-bb7c-b3e3062e9055,335eff01-3ed3-44f5-ada7-4d2344652b5f,DATA_ENGINEERING,a36056c5-1fb2-47d4-bbde-35144714a74b,two,station,two,Travel customer yourself almost same.,2023-08-06,2021-08-08,10,a36056c5-1fb2-47d4-bbde-35144714a74b,station,2021-05-09,2020-03-04,Ago thousand deal air different tough north.,a36056c5-1fb2-47d4-bbde-35144714a74b,323
76,5b370ed9-60e0-4d60-8569-24e0745eca0f,68d523fe-d71a-4a66-915a-950cbce914e2,DATA_ANALYTICS,a36056c5-1fb2-47d4-bbde-35144714a74b,talk,station,talk,Few bring tree.,2020-08-29,2021-07-17,10,a36056c5-1fb2-47d4-bbde-35144714a74b,station,2021-05-09,2020-03-04,Ago thousand deal air different tough north.,a36056c5-1fb2-47d4-bbde-35144714a74b,323
77,67344cdd-4f86-4389-ab3e-2b0aded554f8,76fba540-2817-4293-b9ae-dd2aa77acbc1,DATA_ANALYTICS,a36056c5-1fb2-47d4-bbde-35144714a74b,positive,station,positive,National project game cup fill executive.,2022-10-06,2021-04-07,10,a36056c5-1fb2-47d4-bbde-35144714a74b,station,2021-05-09,2020-03-04,Ago thousand deal air different tough north.,a36056c5-1fb2-47d4-bbde-35144714a74b,323
78,a2ed8ee1-13ae-491a-9945-f7126e4403b7,335eff01-3ed3-44f5-ada7-4d2344652b5f,ADMIN,41c92930-fe69-4c34-80e8-66ab07a1dc6c,two,sell,two,Travel customer yourself almost same.,2023-08-06,2021-08-08,10,41c92930-fe69-4c34-80e8-66ab07a1dc6c,sell,2023-04-19,2023-03-02,Wife writer seem onto organization.,41c92930-fe69-4c34-80e8-66ab07a1dc6c,292
79,d2e6bf92-f7a2-4b62-b750-861da78121cc,588b1281-668b-40a9-a85e-ad47dad7c018,DEVOPS,41c92930-fe69-4c34-80e8-66ab07a1dc6c,idea,sell,idea,Second kitchen improve nor follow night.,2020-01-23,2023-06-28,10,41c92930-fe69-4c34-80e8-66ab07a1dc6c,sell,2023-04-19,2023-03-02,Wife writer seem onto organization.,41c92930-fe69-4c34-80e8-66ab07a1dc6c,292
80,202ea27a-a909-4f42-aa48-3bf7d1b736de,335eff01-3ed3-44f5-ada7-4d2344652b5f,DATA_ANALYTICS,2f5d0461-98a5-4415-bed9-d188e10b699c,two,similar,two,Travel customer yourself almost same.,2023-08-06,2021-08-08,10,2f5d0461-98a5-4415-bed9-d188e10b699c,similar,2022-10-26,2021-05-28,Thought one news least kind hospital blue.,2f5d0461-98a5-4415-bed9-d188e10b699c,265
81,902b1afc-e909-49a6-af1e-6ba9b46db865,9a857edb-7685-453d-bc33-ed5032191e9c,ADMIN,2f5d0461-98a5-4415-bed9-d188e10b699c,money,similar,money,Later by heart thought.,2023-01-12,2024-02-18,10,2f5d0461-98a5-4415-bed9-d188e10b699c,similar,2022-10-26,2021-05-28,Thought one news least kind hospital blue.,2f5d0461-98a5-4415-bed9-d188e10b699c,265
82,fa681c0a-2a42-4b6e-a360-d0b7c68b2b2f,335eff01-3ed3-44f5-ada7-4d2344652b5f,FULL_STACK,f206899d-4b4f-434e-9e80-adccc3b3b0f8,two,human,two,Travel customer yourself almost same.,2023-08-06,2021-08-08,10,f206899d-4b4f-434e-9e80-adccc3b3b0f8,human,2024-02-05,2024-09-12,Rock body under difference officer.,f206899d-4b4f-434e-9e80-adccc3b3b0f8,278
83,dcaa106e-d0e4-434c-80d4-564b17467f5e,a0683cc9-251b-4b28-be06-ecacc5359757,DATA_ENGINEERING,b1d4a62f-e7fb-4d62-9c27-447cf9c4c446,all,beautiful,all,Morning however air number.,2022-11-10,2024-08-25,10,b1d4a62f-e7fb-4d62-9c27-447cf9c4c446,beautiful,2021-06-27,2020-12-17,Issue manager but into.,b1d4a62f-e7fb-4d62-9c27-447cf9c4c446,336
84,1c0122ea-f45e-4f2d-89c5-053f022b269b,68d523fe-d71a-4a66-915a-950cbce914e2,ADMIN,b1d4a62f-e7fb-4d62-9c27-447cf9c4c446,talk,beautiful,talk,Few bring tree.,2020-08-29,2021-07-17,10,b1d4a62f-e7fb-4d62-9c27-447cf9c4c446,beautiful,2021-06-27,2020-12-17,Issue manager but into.,b1d4a62f-e7fb-4d62-9c27-447cf9c4c446,336
85,8a6cdd16-e90a-45e5-9057-449bc0073e9e,19adcd6a-d040-43f5-8df4-f2776037d25e,OTHER,b1d4a62f-e7fb-4d62-9c27-447cf9c4c446,improve,beautiful,improve,Now outside four hundred weight both partner.,2021-02-20,2022-03-30,10,b1d4a62f-e7fb-4d62-9c27-447cf9c4c446,beautiful,2021-06-27,2020-12-17,Issue manager but into.,b1d4a62f-e7fb-4d62-9c27-447cf9c4c446,336
86,9a16516a-0779-47a4-a107-50afacf391ab,588b1281-668b-40a9-a85e-ad47dad7c018,DATA_ANALYTICS,b1d4a62f-e7fb-4d62-9c27-447cf9c4c446,idea,beautiful,idea,Second kitchen improve nor follow night.,2020-01-23,2023-06-28,10,b1d4a62f-e7fb-4d62-9c27-447cf9c4c446,beautiful,2021-06-27,2020-12-17,Issue manager but into.,b1d4a62f-e7fb-4d62-9c27-447cf9c4c446,336
87,1cc5dabc-62c9-4e03-89a8-e70fa4e3949a,a0683cc9-251b-4b28-be06-ecacc5359757,ADMIN,8d1a6d02-f0e1-4696-bd42-bb250d641927,all,break,all,Morning however air number.,2022-11-10,2024-08-25,10,8d1a6d02-f0e1-4696-bd42-bb250d641927,break,2022-12-13,2020-04-26,Ready include woman scene item.,8d1a6d02-f0e1-4696-bd42-bb250d641927,300
88,881ba9b3-357c-49dd-85ca-bfe6f0d0d0d0,9a857edb-7685-453d-bc33-ed5032191e9c,DATA_ENGINEERING,8d1a6d02-f0e1-4696-bd42-bb250d641927,money,break,money,Later by heart thought.,2023-01-12,2024-02-18,10,8d1a6d02-f0e1-4696-bd42-bb250d641927,break,2022-12-13,2020-04-26,Ready include woman scene item.,8d1a6d02-f0e1-4696-bd42-bb250d641927,300
89,5028695f-6627-44e8-b342-b53009c90d8b,a0683cc9-251b-4b28-be06-ecacc5359757,FULL_STACK,b4a0be34-3f68-4323-92b1-e553f9eebee2,all,baby,all,Morning however air number.,2022-11-10,2024-08-25,10,b4a0be34-3f68-4323-92b1-e553f9eebee2,baby,2024-03-23,2022-05-02,Dream cut member trial their study learn develop.,b4a0be34-3f68-4323-92b1-e553f9eebee2,290
90,66186616-24f8-4098-a605-7725c771f78e,9a857edb-7685-453d-bc33-ed5032191e9c,OTHER,b4a0be34-3f68-4323-92b1-e553f9eebee2,money,baby,money,Later by heart thought.,2023-01-12,2024-02-18,10,b4a0be34-3f68-4323-92b1-e553f9eebee2,baby,2024-03-23,2022-05-02,Dream cut member trial their study learn develop.,b4a0be34-3f68-4323-92b1-e553f9eebee2,290
91,b02897a1-abe2-4bea-b70e-9cfa79e6b113,a0683cc9-251b-4b28-be06-ecacc5359757,DEVOPS,ba9b6172-9cb7-42e1-9372-2cfbc6b1ab4a,all,bar,all,Morning however air number.,2022-11-10,2024-08-25,10,ba9b6172-9cb7-42e1-9372-2cfbc6b1ab4a,bar,2024-03-31,2020-01-28,Already natural social laugh hear theory data.,ba9b6172-9cb7-42e1-9372-2cfbc6b1ab4a,313
92,08e915d8-ba95-4b93-a1c0-27c5454e6bed,22cb7f0f-28bb-454c-9f48-73c97e0efe5e,OTHER,ba9b6172-9cb7-42e1-9372-2cfbc6b1ab4a,office,bar,office,Increase every house trial mother manage apply.,2020-09-22,2024-02-13,10,ba9b6172-9cb7-42e1-9372-2cfbc6b1ab4a,bar,2024-03-31,2020-01-28,Already natural social laugh hear theory data.,ba9b6172-9cb7-42e1-9372-2cfbc6b1ab4a,313
93,527680ad-7d67-46ce-b5ef-0928d67c9bfd,76fba540-2817-4293-b9ae-dd2aa77acbc1,DEVOPS,ba9b6172-9cb7-42e1-9372-2cfbc6b1ab4a,positive,bar,positive,National project game cup fill executive.,2022-10-06,2021-04-07,10,ba9b6172-9cb7-42e1-9372-2cfbc6b1ab4a,bar,2024-03-31,2020-01-28,Already natural social laugh hear theory data.,ba9b6172-9cb7-42e1-9372-2cfbc6b1ab4a,313
94,1a88f42c-23b7-4774-a825-0d14b74a605d,a0683cc9-251b-4b28-be06-ecacc5359757,FULL_STACK,313b2cb8-c780-4ee2-8aa9-d6b52cd061fa,all,choice,all,Morning however air number.,2022-11-10,2024-08-25,10,313b2cb8-c780-4ee2-8aa9-d6b52cd061fa,choice,2023-09-27,2023-10-04,Join good able history media.,313b2cb8-c780-4ee2-8aa9-d6b52cd061fa,303
95,de480071-0d1e-48fd-b369-6416d6791d38,22cb7f0f-28bb-454c-9f48-73c97e0efe5e,DATA_ENGINEERING,313b2cb8-c780-4ee2-8aa9-d6b52cd061fa,office,choice,office,Increase every house trial mother manage apply.,2020-09-22,2024-02-13,10,313b2cb8-c780-4ee2-8aa9-d6b52cd061fa,choice,2023-09-27,2023-10-04,Join good able history media.,313b2cb8-c780-4ee2-8aa9-d6b52cd061fa,303
96,b99ab1bd-5d7f-4941-a493-47588ad6c527,2c8336a8-a2e4-4c10-8705-901c8f6b4775,DATA_ENGINEERING,313b2cb8-c780-4ee2-8aa9-d6b52cd061fa,Democrat,choice,Democrat,I during beat worry however goal sort.,2022-04-14,2023-08-02,10,313b2cb8-c780-4ee2-8aa9-d6b52cd061fa,choice,2023-09-27,2023-10-04,Join good able history media.,313b2cb8-c780-4ee2-8aa9-d6b52cd061fa,303
97,a0e1435d-20f3-4015-9fbd-68492156e1d1,6d1f0af0-6bbb-470a-8134-ecaaeae6d623,DEVOPS,313b2cb8-c780-4ee2-8aa9-d6b52cd061fa,decision,choice,decision,Of world financial ready protect.,2024-07-13,2021-12-17,10,313b2cb8-c780-4ee2-8aa9-d6b52cd061fa,choice,2023-09-27,2023-10-04,Join good able history media.,313b2cb8-c780-4ee2-8aa9-d6b52cd061fa,303
98,aa83a1c1-d11b-4f42-979d-2393e2e88670,a0683cc9-251b-4b28-be06-ecacc5359757,DEVOPS,0b94551b-a857-4c15-8834-7fbb7f87b766,all,learn,all,Morning however air number.,2022-11-10,2024-08-25,10,0b94551b-a857-4c15-8834-7fbb7f87b766,learn,2024-03-31,2021-05-16,Develop bed successful.,0b94551b-a857-4c15-8834-7fbb7f87b766,298
99,122e7154-5065-4ec1-a73c-2e6991e6bd5a,079a7da7-7b16-44e6-bc94-9e7aa6e221d5,DATA_ANALYTICS,0b94551b-a857-4c15-8834-7fbb7f87b766,change,learn,change,Spend color child during.,2022-11-20,2024-04-16,10,0b94551b-a857-4c15-8834-7fbb7f87b766,learn,2024-03-31,2021-05-16,Develop bed successful.,0b94551b-a857-4c15-8834-7fbb7f87b766,298
100,3549030d-b66d-4f83-9ac4-2e66decd3ce3,a0683cc9-251b-4b28-be06-ecacc5359757,OTHER,729f525e-87cf-4007-8ede-b5068fdb0402,all,finally,all,Morning however air number.,2022-11-10,2024-08-25,10,729f525e-87cf-4007-8ede-b5068fdb0402,finally,2023-07-20,2020-05-15,Quickly charge account available alone attack goal bag.,729f525e-87cf-4007-8ede-b5068fdb0402,320
101,318ebbbc-c9c6-4145-877b-752c3bb04e46,242e1513-5ad2-4189-afaf-669d6753f57b,DATA_ENGINEERING,729f525e-87cf-4007-8ede-b5068fdb0402,security,finally,security,Catch since central everybody special cell national gun.,2023-08-22,2024-08-06,10,729f525e-87cf-4007-8ede-b5068fdb0402,finally,2023-07-20,2020-05-15,Quickly charge account available alone attack goal bag.,729f525e-87cf-4007-8ede-b5068fdb0402,320
102,f2ba25c1-777d-48cc-83b2-c7e1985fc444,22cb7f0f-28bb-454c-9f48-73c97e0efe5e,DATA_ENGINEERING,729f525e-87cf-4007-8ede-b5068fdb0402,office,finally,office,Increase every house trial mother manage apply.,2020-09-22,2024-02-13,10,729f525e-87cf-4007-8ede-b5068fdb0402,finally,2023-07-20,2020-05-15,Quickly charge account available alone attack goal bag.,729f525e-87cf-4007-8ede-b5068fdb0402,320
103,60539217-55fa-48a9-bcc1-4180117c8490,68d523fe-d71a-4a66-915a-950cbce914e2,OTHER,729f525e-87cf-4007-8ede-b5068fdb0402,talk,finally,talk,Few bring tree.,2020-08-29,2021-07-17,10,729f525e-87cf-4007-8ede-b5068fdb0402,finally,2023-07-20,2020-05-15,Quickly charge account available alone attack goal bag.,729f525e-87cf-4007-8ede-b5068fdb0402,320
104,a6df4ade-b210-4188-b84c-93965ed1ce69,6d1f0af0-6bbb-470a-8134-ecaaeae6d623,DEVOPS,729f525e-87cf-4007-8ede-b5068fdb0402,decision,finally,decision,Of world financial ready protect.,2024-07-13,2021-12-17,10,729f525e-87cf-4007-8ede-b5068fdb0402,finally,2023-07-20,2020-05-15,Quickly charge account available alone attack goal bag.,729f525e-87cf-4007-8ede-b5068fdb0402,320
105,76fbb6e8-b9ef-49f8-a0c6-8daf743d2c4c,76fba540-2817-4293-b9ae-dd2aa77acbc1,DATA_ENGINEERING,729f525e-87cf-4007-8ede-b5068fdb0402,positive,finally,positive,National project game cup fill executive.,2022-10-06,2021-04-07,10,729f525e-87cf-4007-8ede-b5068fdb0402,finally,2023-07-20,2020-05-15,Quickly charge account available alone attack goal bag.,729f525e-87cf-4007-8ede-b5068fdb0402,320
106,0e358478-9eaa-4951-a3b8-879ec43b6023,242e1513-5ad2-4189-afaf-669d6753f57b,ADMIN,e8b00141-8ef9-4901-8809-85ad3d7d292a,security,miss,security,Catch since central everybody special cell national gun.,2023-08-22,2024-08-06,10,e8b00141-8ef9-4901-8809-85ad3d7d292a,miss,2022-01-20,2020-10-20,Within little sound modern.,e8b00141-8ef9-4901-8809-85ad3d7d292a,313
107,4773d256-3110-4d3c-b1bb-18152172a4c2,242e1513-5ad2-4189-afaf-669d6753f57b,DEVOPS,4916df42-5e4f-47b6-8be3-8cfcec34375b,security,pattern,security,Catch since central everybody special cell national gun.,2023-08-22,2024-08-06,10,4916df42-5e4f-47b6-8be3-8cfcec34375b,pattern,2022-11-21,2021-12-25,South describe system degree blue city.,4916df42-5e4f-47b6-8be3-8cfcec34375b,312
108,9132c79a-b71b-4842-84be-da4b6e1b1ffe,6d1f0af0-6bbb-470a-8134-ecaaeae6d623,FULL_STACK,4916df42-5e4f-47b6-8be3-8cfcec34375b,decision,pattern,decision,Of world financial ready protect.,2024-07-13,2021-12-17,10,4916df42-5e4f-47b6-8be3-8cfcec34375b,pattern,2022-11-21,2021-12-25,South describe system degree blue city.,4916df42-5e4f-47b6-8be3-8cfcec34375b,312
109,025456ef-ebda-497e-9ee0-3b0e533711b3,f089dd73-29a0-413a-b6f7-dba5ed504c88,DATA_ENGINEERING,4916df42-5e4f-47b6-8be3-8cfcec34375b,carry,pattern,carry,Truth view white begin.,2022-09-28,2023-06-01,10,4916df42-5e4f-47b6-8be3-8cfcec34375b,pattern,2022-11-21,2021-12-25,South describe system degree blue city.,4916df42-5e4f-47b6-8be3-8cfcec34375b,312
110,07791cc7-c3fb-4b97-94d6-a392d586af77,242e1513-5ad2-4189-afaf-669d6753f57b,DATA_ANALYTICS,494337fd-1dbc-4b23-8559-8ccaba26b07a,security,writer,security,Catch since central everybody special cell national gun.,2023-08-22,2024-08-06,10,494337fd-1dbc-4b23-8559-8ccaba26b07a,writer,2023-08-27,2024-04-23,Save front term develop.,494337fd-1dbc-4b23-8559-8ccaba26b07a,285
111,15e03d62-c19b-4d87-8ee0-6d6548d62f5a,37928751-05e5-46f9-811a-05b1a59119a0,DEVOPS,494337fd-1dbc-4b23-8559-8ccaba26b07a,assume,writer,assume,Visit long mission bar third.,2021-03-05,2024-01-14,10,494337fd-1dbc-4b23-8559-8ccaba26b07a,writer,2023-08-27,2024-04-23,Save front term develop.,494337fd-1dbc-4b23-8559-8ccaba26b07a,285
112,154743f9-be92-4150-909c-a40253d8ef0e,242e1513-5ad2-4189-afaf-669d6753f57b,DEVOPS,497ab4cb-e895-43d7-9d5d-e356fb5ccdbb,security,weight,security,Catch since central everybody special cell national gun.,2023-08-22,2024-08-06,10,497ab4cb-e895-43d7-9d5d-e356fb5ccdbb,weight,2021-10-15,2024-08-13,Room hair very team take guy.,497ab4cb-e895-43d7-9d5d-e356fb5ccdbb,293
113,f3fa58a9-1d71-4173-a722-eba72fb296bc,6d1f0af0-6bbb-470a-8134-ecaaeae6d623,DATA_ANALYTICS,497ab4cb-e895-43d7-9d5d-e356fb5ccdbb,decision,weight,decision,Of world financial ready protect.,2024-07-13,2021-12-17,10,497ab4cb-e895-43d7-9d5d-e356fb5ccdbb,weight,2021-10-15,2024-08-13,Room hair very team take guy.,497ab4cb-e895-43d7-9d5d-e356fb5ccdbb,293
114,40e0274c-a79f-48ed-abc0-52ab727eb99d,f089dd73-29a0-413a-b6f7-dba5ed504c88,DEVOPS,497ab4cb-e895-43d7-9d5d-e356fb5ccdbb,carry,weight,carry,Truth view white begin.,2022-09-28,2023-06-01,10,497ab4cb-e895-43d7-9d5d-e356fb5ccdbb,weight,2021-10-15,2024-08-13,Room hair very team take guy.,497ab4cb-e895-43d7-9d5d-e356fb5ccdbb,293
115,fd03cdfe-6ea4-4506-b1a2-dd4652e0a824,242e1513-5ad2-4189-afaf-669d6753f57b,FULL_STACK,a0b6f899-39c1-4c9f-afe7-1582c5ab3d9b,security,issue,security,Catch since central everybody special cell national gun.,2023-08-22,2024-08-06,10,a0b6f899-39c1-4c9f-afe7-1582c5ab3d9b,issue,2020-06-11,2022-12-06,Most success moment.,a0b6f899-39c1-4c9f-afe7-1582c5ab3d9b,304
116,879b2a6a-8ee4-419d-bbcb-b45e7be5c3d6,f089dd73-29a0-413a-b6f7-dba5ed504c88,ADMIN,a0b6f899-39c1-4c9f-afe7-1582c5ab3d9b,carry,issue,carry,Truth view white begin.,2022-09-28,2023-06-01,10,a0b6f899-39c1-4c9f-afe7-1582c5ab3d9b,issue,2020-06-11,2022-12-06,Most success moment.,a0b6f899-39c1-4c9f-afe7-1582c5ab3d9b,304
117,3a6fc1c1-5b7c-4e89-9966-f4f528d07a85,242e1513-5ad2-4189-afaf-669d6753f57b,DATA_ENGINEERING,c2e38a4b-c57d-40f8-ada5-1767e0f9a34d,security,vote,security,Catch since central everybody special cell national gun.,2023-08-22,2024-08-06,10,c2e38a4b-c57d-40f8-ada5-1767e0f9a34d,vote,2020-05-23,2020-08-14,Hot want store.,c2e38a4b-c57d-40f8-ada5-1767e0f9a34d,272
118,7fe2bee2-0897-44e4-91d2-c13848731094,355c2d2d-533f-43f7-a83c-5f034da99eb2,DEVOPS,c2e38a4b-c57d-40f8-ada5-1767e0f9a34d,argue,vote,argue,Speak drive build start risk boy.,2023-08-07,2023-11-11,10,c2e38a4b-c57d-40f8-ada5-1767e0f9a34d,vote,2020-05-23,2020-08-14,Hot want store.,c2e38a4b-c57d-40f8-ada5-1767e0f9a34d,272
119,a906b157-d1da-4cb7-a349-adc0bb8d1a73,242e1513-5ad2-4189-afaf-669d6753f57b,DATA_ENGINEERING,1b0fdc49-ddf2-4d49-bc95-f2fe291b2be0,security,despite,security,Catch since central everybody special cell national gun.,2023-08-22,2024-08-06,10,1b0fdc49-ddf2-4d49-bc95-f2fe291b2be0,despite,2021-12-21,2024-01-29,Kind modern hot them face letter.,1b0fdc49-ddf2-4d49-bc95-f2fe291b2be0,285
120,63777011-245b-45fa-a892-b1592559663c,22cb7f0f-28bb-454c-9f48-73c97e0efe5e,FULL_STACK,1b0fdc49-ddf2-4d49-bc95-f2fe291b2be0,office,despite,office,Increase every house trial mother manage apply.,2020-09-22,2024-02-13,10,1b0fdc49-ddf2-4d49-bc95-f2fe291b2be0,despite,2021-12-21,2024-01-29,Kind modern hot them face letter.,1b0fdc49-ddf2-4d49-bc95-f2fe291b2be0,285
121,0751eb4d-8a6f-4841-bc35-c58fa8b41aa6,7403751e-02d6-4560-ab09-c7528a0fb8ab,OTHER,1b0fdc49-ddf2-4d49-bc95-f2fe291b2be0,result,despite,result,Result force plant.,2023-07-31,2022-06-07,10,1b0fdc49-ddf2-4d49-bc95-f2fe291b2be0,despite,2021-12-21,2024-01-29,Kind modern hot them face letter.,1b0fdc49-ddf2-4d49-bc95-f2fe291b2be0,285
122,53809164-b0c8-4f9d-bd2c-fc1d9344f6a8,355c2d2d-533f-43f7-a83c-5f034da99eb2,DATA_ANALYTICS,1b0fdc49-ddf2-4d49-bc95-f2fe291b2be0,argue,despite,argue,Speak drive build start risk boy.,2023-08-07,2023-11-11,10,1b0fdc49-ddf2-4d49-bc95-f2fe291b2be0,despite,2021-12-21,2024-01-29,Kind modern hot them face letter.,1b0fdc49-ddf2-4d49-bc95-f2fe291b2be0,285
123,6f766b86-0524-4bd4-ade2-b1b74e0b0ca4,242e1513-5ad2-4189-afaf-669d6753f57b,DATA_ENGINEERING,38ca10cd-980d-4494-90a7-780de5b20e30,security,science,security,Catch since central everybody special cell national gun.,2023-08-22,2024-08-06,10,38ca10cd-980d-4494-90a7-780de5b20e30,science,2021-02-24,2021-10-02,Pretty result series save visit understand six seek.,38ca10cd-980d-4494-90a7-780de5b20e30,346
124,c433b9ad-48e2-4f90-8f83-398a00369e8d,22cb7f0f-28bb-454c-9f48-73c97e0efe5e,DATA_ANALYTICS,35790fba-18cb-43dc-8211-47a75e91ed08,office,figure,office,Increase every house trial mother manage apply.,2020-09-22,2024-02-13,10,35790fba-18cb-43dc-8211-47a75e91ed08,figure,2021-07-14,2022-09-18,Whom long agree focus discuss.,35790fba-18cb-43dc-8211-47a75e91ed08,262
125,3d71547a-2c62-49ba-b8e2-3c51a14a5639,37928751-05e5-46f9-811a-05b1a59119a0,DATA_ENGINEERING,35790fba-18cb-43dc-8211-47a75e91ed08,assume,figure,assume,Visit long mission bar third.,2021-03-05,2024-01-14,10,35790fba-18cb-43dc-8211-47a75e91ed08,figure,2021-07-14,2022-09-18,Whom long agree focus discuss.,35790fba-18cb-43dc-8211-47a75e91ed08,262
126,990cba3e-ffaa-4dd9-b042-b193896c20d2,355c2d2d-533f-43f7-a83c-5f034da99eb2,OTHER,35790fba-18cb-43dc-8211-47a75e91ed08,argue,figure,argue,Speak drive build start risk boy.,2023-08-07,2023-11-11,10,35790fba-18cb-43dc-8211-47a75e91ed08,figure,2021-07-14,2022-09-18,Whom long agree focus discuss.,35790fba-18cb-43dc-8211-47a75e91ed08,262
127,d6431217-5b55-4692-b268-983b8d6dd112,22cb7f0f-28bb-454c-9f48-73c97e0efe5e,ADMIN,6016f682-2876-45fd-8431-1b9a48c41dff,office,leave,office,Increase every house trial mother manage apply.,2020-09-22,2024-02-13,10,6016f682-2876-45fd-8431-1b9a48c41dff,leave,2024-07-30,2023-12-14,Lay question push.,6016f682-2876-45fd-8431-1b9a48c41dff,306
128,f66a7cee-c3a2-4145-8658-82e5facdcf5c,68d523fe-d71a-4a66-915a-950cbce914e2,ADMIN,6016f682-2876-45fd-8431-1b9a48c41dff,talk,leave,talk,Few bring tree.,2020-08-29,2021-07-17,10,6016f682-2876-45fd-8431-1b9a48c41dff,leave,2024-07-30,2023-12-14,Lay question push.,6016f682-2876-45fd-8431-1b9a48c41dff,306
129,2568d760-ea49-49c7-a1eb-c7a222a8e152,22cb7f0f-28bb-454c-9f48-73c97e0efe5e,ADMIN,ead6ef0d-e239-4fb7-99a4-45720a1532f5,office,ahead,office,Increase every house trial mother manage apply.,2020-09-22,2024-02-13,10,ead6ef0d-e239-4fb7-99a4-45720a1532f5,ahead,2024-08-07,2022-03-22,Figure identify first present matter low.,ead6ef0d-e239-4fb7-99a4-45720a1532f5,289
130,0f8a541d-e7b5-4b1d-9d27-60547ad04f36,37928751-05e5-46f9-811a-05b1a59119a0,ADMIN,ead6ef0d-e239-4fb7-99a4-45720a1532f5,assume,ahead,assume,Visit long mission bar third.,2021-03-05,2024-01-14,10,ead6ef0d-e239-4fb7-99a4-45720a1532f5,ahead,2024-08-07,2022-03-22,Figure identify first present matter low.,ead6ef0d-e239-4fb7-99a4-45720a1532f5,289
131,01420a31-defe-4674-a49d-7500d2b120bc,355c2d2d-533f-43f7-a83c-5f034da99eb2,DEVOPS,ead6ef0d-e239-4fb7-99a4-45720a1532f5,argue,ahead,argue,Speak drive build start risk boy.,2023-08-07,2023-11-11,10,ead6ef0d-e239-4fb7-99a4-45720a1532f5,ahead,2024-08-07,2022-03-22,Figure identify first present matter low.,ead6ef0d-e239-4fb7-99a4-45720a1532f5,289
132,29fcac03-b496-486a-a813-74f62f1e761d,68d523fe-d71a-4a66-915a-950cbce914e2,OTHER,ead6ef0d-e239-4fb7-99a4-45720a1532f5,talk,ahead,talk,Few bring tree.,2020-08-29,2021-07-17,10,ead6ef0d-e239-4fb7-99a4-45720a1532f5,ahead,2024-08-07,2022-03-22,Figure identify first present matter low.,ead6ef0d-e239-4fb7-99a4-45720a1532f5,289
133,ac5e1460-fedd-4cd5-bb93-04e9ce5a8aa4,7403751e-02d6-4560-ab09-c7528a0fb8ab,DATA_ANALYTICS,1d7e5ae5-afc9-4665-8b48-6316c3cc1442,result,car,result,Result force plant.,2023-07-31,2022-06-07,10,1d7e5ae5-afc9-4665-8b48-6316c3cc1442,car,2024-09-24,2022-08-27,Economy pattern bag total agreement who low.,1d7e5ae5-afc9-4665-8b48-6316c3cc1442,305
134,2fed40a4-fea4-4e30-8524-c878dd5f153c,19adcd6a-d040-43f5-8df4-f2776037d25e,DATA_ANALYTICS,1d7e5ae5-afc9-4665-8b48-6316c3cc1442,improve,car,improve,Now outside four hundred weight both partner.,2021-02-20,2022-03-30,10,1d7e5ae5-afc9-4665-8b48-6316c3cc1442,car,2024-09-24,2022-08-27,Economy pattern bag total agreement who low.,1d7e5ae5-afc9-4665-8b48-6316c3cc1442,305
135,8cbf8b76-4412-425c-8b6a-b6ae4d28beca,7403751e-02d6-4560-ab09-c7528a0fb8ab,DATA_ANALYTICS,c52ae16e-94e5-424c-9aa4-84c9881238e0,result,possible,result,Result force plant.,2023-07-31,2022-06-07,10,c52ae16e-94e5-424c-9aa4-84c9881238e0,possible,2020-07-29,2023-08-24,Care leg where.,c52ae16e-94e5-424c-9aa4-84c9881238e0,288
136,e5109bc9-b2c8-4d80-9a1d-63c81f7b6506,f089dd73-29a0-413a-b6f7-dba5ed504c88,ADMIN,c52ae16e-94e5-424c-9aa4-84c9881238e0,carry,possible,carry,Truth view white begin.,2022-09-28,2023-06-01,10,c52ae16e-94e5-424c-9aa4-84c9881238e0,possible,2020-07-29,2023-08-24,Care leg where.,c52ae16e-94e5-424c-9aa4-84c9881238e0,288
137,f517ab40-617f-4ba0-ad01-1ffa1b6fcb9d,7403751e-02d6-4560-ab09-c7528a0fb8ab,DATA_ENGINEERING,f38d0944-88e9-4f35-9e9a-658edf765424,result,country,result,Result force plant.,2023-07-31,2022-06-07,10,f38d0944-88e9-4f35-9e9a-658edf765424,country,2022-05-13,2023-08-31,Old scene too effect.,f38d0944-88e9-4f35-9e9a-658edf765424,287
138,e6993a77-8422-4689-8ef5-bc9ff3fcd937,f089dd73-29a0-413a-b6f7-dba5ed504c88,DATA_ENGINEERING,f38d0944-88e9-4f35-9e9a-658edf765424,carry,country,carry,Truth view white begin.,2022-09-28,2023-06-01,10,f38d0944-88e9-4f35-9e9a-658edf765424,country,2022-05-13,2023-08-31,Old scene too effect.,f38d0944-88e9-4f35-9e9a-658edf765424,287
139,6717f0d1-436b-49f8-8188-109686e1e5d8,76fba540-2817-4293-b9ae-dd2aa77acbc1,ADMIN,f38d0944-88e9-4f35-9e9a-658edf765424,positive,country,positive,National project game cup fill executive.,2022-10-06,2021-04-07,10,f38d0944-88e9-4f35-9e9a-658edf765424,country,2022-05-13,2023-08-31,Old scene too effect.,f38d0944-88e9-4f35-9e9a-658edf765424,287
140,f5ec9c36-98f0-4df9-ab11-0515e22e9947,7403751e-02d6-4560-ab09-c7528a0fb8ab,OTHER,00572a05-abf5-4888-acea-6a58732d107f,result,arm,result,Result force plant.,2023-07-31,2022-06-07,10,00572a05-abf5-4888-acea-6a58732d107f,arm,2023-12-18,2022-03-16,Trouble plan work today prepare in about individual.,00572a05-abf5-4888-acea-6a58732d107f,301
141,ff4a3d88-567c-4b7d-9b17-b93e7d37a06b,19adcd6a-d040-43f5-8df4-f2776037d25e,OTHER,00572a05-abf5-4888-acea-6a58732d107f,improve,arm,improve,Now outside four hundred weight both partner.,2021-02-20,2022-03-30,10,00572a05-abf5-4888-acea-6a58732d107f,arm,2023-12-18,2022-03-16,Trouble plan work today prepare in about individual.,00572a05-abf5-4888-acea-6a58732d107f,301
142,d2cb1622-f397-45f6-bf60-10d32ce8dccb,9a857edb-7685-453d-bc33-ed5032191e9c,DATA_ENGINEERING,00572a05-abf5-4888-acea-6a58732d107f,money,arm,money,Later by heart thought.,2023-01-12,2024-02-18,10,00572a05-abf5-4888-acea-6a58732d107f,arm,2023-12-18,2022-03-16,Trouble plan work today prepare in about individual.,00572a05-abf5-4888-acea-6a58732d107f,301
143,a81a4188-b44d-49b0-bbf3-d275764962e1,f089dd73-29a0-413a-b6f7-dba5ed504c88,ADMIN,00572a05-abf5-4888-acea-6a58732d107f,carry,arm,carry,Truth view white begin.,2022-09-28,2023-06-01,10,00572a05-abf5-4888-acea-6a58732d107f,arm,2023-12-18,2022-03-16,Trouble plan work today prepare in about individual.,00572a05-abf5-4888-acea-6a58732d107f,301
144,531eae98-f409-42e2-9e4b-87b27074e0c8,7403751e-02d6-4560-ab09-c7528a0fb8ab,ADMIN,ae15134d-c3b0-4700-87ef-8ce079398c3c,result,green,result,Result force plant.,2023-07-31,2022-06-07,10,ae15134d-c3b0-4700-87ef-8ce079398c3c,green,2020-04-08,2024-02-14,Cell statement contain service.,ae15134d-c3b0-4700-87ef-8ce079398c3c,304
145,368b9b24-ebbb-4e4c-b449-6b4023ea69f2,588b1281-668b-40a9-a85e-ad47dad7c018,OTHER,ae15134d-c3b0-4700-87ef-8ce079398c3c,idea,green,idea,Second kitchen improve nor follow night.,2020-01-23,2023-06-28,10,ae15134d-c3b0-4700-87ef-8ce079398c3c,green,2020-04-08,2024-02-14,Cell statement contain service.,ae15134d-c3b0-4700-87ef-8ce079398c3c,304
146,ab93cc65-4faa-4499-9a99-68e4d7794aae,f089dd73-29a0-413a-b6f7-dba5ed504c88,ADMIN,ae15134d-c3b0-4700-87ef-8ce079398c3c,carry,green,carry,Truth view white begin.,2022-09-28,2023-06-01,10,ae15134d-c3b0-4700-87ef-8ce079398c3c,green,2020-04-08,2024-02-14,Cell statement contain service.,ae15134d-c3b0-4700-87ef-8ce079398c3c,304
147,76207fd9-400b-4c90-becb-4a9248447f8f,7403751e-02d6-4560-ab09-c7528a0fb8ab,DATA_ENGINEERING,51b7e2ff-8b1a-4fd7-966d-45d2ec1b5c23,result,support,result,Result force plant.,2023-07-31,2022-06-07,10,51b7e2ff-8b1a-4fd7-966d-45d2ec1b5c23,support,2021-05-29,2021-09-02,Walk whose teacher.,51b7e2ff-8b1a-4fd7-966d-45d2ec1b5c23,305
148,3c00a835-4f79-4def-9dd1-ca24f4b8c4da,079a7da7-7b16-44e6-bc94-9e7aa6e221d5,DATA_ANALYTICS,e35fe67a-133e-4e32-a288-31cecea1d905,change,summer,change,Spend color child during.,2022-11-20,2024-04-16,10,e35fe67a-133e-4e32-a288-31cecea1d905,summer,2021-02-25,2024-03-15,Central under free help some note receive responsibility.,e35fe67a-133e-4e32-a288-31cecea1d905,326
149,b363b4cf-8114-4441-8d3e-fde62d4b2042,079a7da7-7b16-44e6-bc94-9e7aa6e221d5,DATA_ENGINEERING,21e5e00f-0edb-4a5e-87f5-5cc46302dfe6,change,important,change,Spend color child during.,2022-11-20,2024-04-16,10,21e5e00f-0edb-4a5e-87f5-5cc46302dfe6,important,2023-03-18,2023-10-24,Spring we young low.,21e5e00f-0edb-4a5e-87f5-5cc46302dfe6,316
150,047372f6-a1ba-47e6-8e76-3286a9aab88d,079a7da7-7b16-44e6-bc94-9e7aa6e221d5,OTHER,e0addd64-3466-4742-8609-b4e5e3b45ea4,change,data,change,Spend color child during.,2022-11-20,2024-04-16,10,e0addd64-3466-4742-8609-b4e5e3b45ea4,data,2024-01-01,2021-10-30,Else half pretty recognize.,e0addd64-3466-4742-8609-b4e5e3b45ea4,310
151,fb6063c3-e207-4c78-9b5e-d4da2d7e8cd6,2c8336a8-a2e4-4c10-8705-901c8f6b4775,FULL_STACK,e0addd64-3466-4742-8609-b4e5e3b45ea4,Democrat,data,Democrat,I during beat worry however goal sort.,2022-04-14,2023-08-02,10,e0addd64-3466-4742-8609-b4e5e3b45ea4,data,2024-01-01,2021-10-30,Else half pretty recognize.,e0addd64-3466-4742-8609-b4e5e3b45ea4,310
152,cb08aa30-7e47-4855-9b7c-5252f978224a,079a7da7-7b16-44e6-bc94-9e7aa6e221d5,DATA_ANALYTICS,415de666-b68c-4dd8-865c-59ef0cfc8aec,change,positive,change,Spend color child during.,2022-11-20,2024-04-16,10,415de666-b68c-4dd8-865c-59ef0cfc8aec,positive,2021-03-04,2020-07-16,Answer radio military act.,415de666-b68c-4dd8-865c-59ef0cfc8aec,288
153,3929e97b-e0a8-47ac-9138-f051bb3f2181,355c2d2d-533f-43f7-a83c-5f034da99eb2,ADMIN,415de666-b68c-4dd8-865c-59ef0cfc8aec,argue,positive,argue,Speak drive build start risk boy.,2023-08-07,2023-11-11,10,415de666-b68c-4dd8-865c-59ef0cfc8aec,positive,2021-03-04,2020-07-16,Answer radio military act.,415de666-b68c-4dd8-865c-59ef0cfc8aec,288
154,6b277fa2-aa2d-42db-8c1e-06247d4d485c,588b1281-668b-40a9-a85e-ad47dad7c018,FULL_STACK,415de666-b68c-4dd8-865c-59ef0cfc8aec,idea,positive,idea,Second kitchen improve nor follow night.,2020-01-23,2023-06-28,10,415de666-b68c-4dd8-865c-59ef0cfc8aec,positive,2021-03-04,2020-07-16,Answer radio military act.,415de666-b68c-4dd8-865c-59ef0cfc8aec,288
155,5b157864-191a-4d15-bdf6-863ff3902d3e,9a857edb-7685-453d-bc33-ed5032191e9c,DEVOPS,415de666-b68c-4dd8-865c-59ef0cfc8aec,money,positive,money,Later by heart thought.,2023-01-12,2024-02-18,10,415de666-b68c-4dd8-865c-59ef0cfc8aec,positive,2021-03-04,2020-07-16,Answer radio military act.,415de666-b68c-4dd8-865c-59ef0cfc8aec,288
156,f238abc8-1709-4a52-b398-9e3c34e95339,079a7da7-7b16-44e6-bc94-9e7aa6e221d5,ADMIN,b8f7fca7-116b-4c81-b18b-81d7103753ac,change,letter,change,Spend color child during.,2022-11-20,2024-04-16,10,b8f7fca7-116b-4c81-b18b-81d7103753ac,letter,2020-09-15,2023-12-18,Whose into drop.,b8f7fca7-116b-4c81-b18b-81d7103753ac,274
157,3a6dc2e7-fccb-478d-b9f5-f9573b1be4ef,68d523fe-d71a-4a66-915a-950cbce914e2,FULL_STACK,b8f7fca7-116b-4c81-b18b-81d7103753ac,talk,letter,talk,Few bring tree.,2020-08-29,2021-07-17,10,b8f7fca7-116b-4c81-b18b-81d7103753ac,letter,2020-09-15,2023-12-18,Whose into drop.,b8f7fca7-116b-4c81-b18b-81d7103753ac,274
158,cf115fe7-2c78-46ff-84cb-79cbf39c5661,079a7da7-7b16-44e6-bc94-9e7aa6e221d5,OTHER,d1d53aef-6fc2-448b-aad3-88dd3515bde7,change,prepare,change,Spend color child during.,2022-11-20,2024-04-16,10,d1d53aef-6fc2-448b-aad3-88dd3515bde7,prepare,2020-04-14,2024-07-19,Much assume player dog city relate.,d1d53aef-6fc2-448b-aad3-88dd3515bde7,297
159,9f2f048c-6369-43c5-b5f2-5b2eb80333d1,2c8336a8-a2e4-4c10-8705-901c8f6b4775,OTHER,d1d53aef-6fc2-448b-aad3-88dd3515bde7,Democrat,prepare,Democrat,I during beat worry however goal sort.,2022-04-14,2023-08-02,10,d1d53aef-6fc2-448b-aad3-88dd3515bde7,prepare,2020-04-14,2024-07-19,Much assume player dog city relate.,d1d53aef-6fc2-448b-aad3-88dd3515bde7,297
160,a8fdbe0e-5aff-460b-a851-600abf7671a6,19adcd6a-d040-43f5-8df4-f2776037d25e,OTHER,d1d53aef-6fc2-448b-aad3-88dd3515bde7,improve,prepare,improve,Now outside four hundred weight both partner.,2021-02-20,2022-03-30,10,d1d53aef-6fc2-448b-aad3-88dd3515bde7,prepare,2020-04-14,2024-07-19,Much assume player dog city relate.,d1d53aef-6fc2-448b-aad3-88dd3515bde7,297
161,a11f37f8-c19d-4b64-9c20-0f0f41a41e3f,37928751-05e5-46f9-811a-05b1a59119a0,FULL_STACK,1088365d-247f-4f17-9410-14ac171cb5fb,assume,fast,assume,Visit long mission bar third.,2021-03-05,2024-01-14,10,1088365d-247f-4f17-9410-14ac171cb5fb,fast,2024-07-27,2023-04-24,Young raise front better available evening authority.,1088365d-247f-4f17-9410-14ac171cb5fb,321
162,26d722f5-db1d-4aa7-8953-1158a4cb358c,2c8336a8-a2e4-4c10-8705-901c8f6b4775,OTHER,1088365d-247f-4f17-9410-14ac171cb5fb,Democrat,fast,Democrat,I during beat worry however goal sort.,2022-04-14,2023-08-02,10,1088365d-247f-4f17-9410-14ac171cb5fb,fast,2024-07-27,2023-04-24,Young raise front better available evening authority.,1088365d-247f-4f17-9410-14ac171cb5fb,321
163,8407f78e-fd66-40e2-8406-128786f48d31,37928751-05e5-46f9-811a-05b1a59119a0,FULL_STACK,6823e5b7-852c-4b67-83e8-a42dcbb9effd,assume,writer,assume,Visit long mission bar third.,2021-03-05,2024-01-14,10,6823e5b7-852c-4b67-83e8-a42dcbb9effd,writer,2023-10-02,2022-07-04,Sister wide assume financial that finally.,6823e5b7-852c-4b67-83e8-a42dcbb9effd,310
164,090fc6be-7403-4dca-8ba9-e198e20459b0,2c8336a8-a2e4-4c10-8705-901c8f6b4775,OTHER,6823e5b7-852c-4b67-83e8-a42dcbb9effd,Democrat,writer,Democrat,I during beat worry however goal sort.,2022-04-14,2023-08-02,10,6823e5b7-852c-4b67-83e8-a42dcbb9effd,writer,2023-10-02,2022-07-04,Sister wide assume financial that finally.,6823e5b7-852c-4b67-83e8-a42dcbb9effd,310
165,44e8d070-5699-4779-899a-0d389676960e,6d1f0af0-6bbb-470a-8134-ecaaeae6d623,DATA_ANALYTICS,6823e5b7-852c-4b67-83e8-a42dcbb9effd,decision,writer,decision,Of world financial ready protect.,2024-07-13,2021-12-17,10,6823e5b7-852c-4b67-83e8-a42dcbb9effd,writer,2023-10-02,2022-07-04,Sister wide assume financial that finally.,6823e5b7-852c-4b67-83e8-a42dcbb9effd,310
166,a1b8221e-2c06-4f7e-b173-5819645e3995,37928751-05e5-46f9-811a-05b1a59119a0,DATA_ENGINEERING,2b183a7f-f589-4eb3-aa63-14de745086ac,assume,material,assume,Visit long mission bar third.,2021-03-05,2024-01-14,10,2b183a7f-f589-4eb3-aa63-14de745086ac,material,2023-07-19,2020-09-14,Read speech risk remember responsibility whose forget.,2b183a7f-f589-4eb3-aa63-14de745086ac,306
167,17e6c5f4-1e5f-444e-bf23-989feba1bc91,37928751-05e5-46f9-811a-05b1a59119a0,FULL_STACK,022e1aef-26df-439d-b59c-3b0f162c2a64,assume,summer,assume,Visit long mission bar third.,2021-03-05,2024-01-14,10,022e1aef-26df-439d-b59c-3b0f162c2a64,summer,2021-12-29,2022-06-19,Imagine heart specific personal address something.,022e1aef-26df-439d-b59c-3b0f162c2a64,309
168,af39adab-7452-4c30-8557-75fe495ac655,3bff3276-ee0f-45d2-8dcd-df07d5cb8346,DEVOPS,022e1aef-26df-439d-b59c-3b0f162c2a64,very,summer,very,Keep to test set remember bill safe.,2024-01-25,2023-06-21,10,022e1aef-26df-439d-b59c-3b0f162c2a64,summer,2021-12-29,2022-06-19,Imagine heart specific personal address something.,022e1aef-26df-439d-b59c-3b0f162c2a64,309
169,334c6c72-ef37-466e-9f29-be34b42b752b,37928751-05e5-46f9-811a-05b1a59119a0,DEVOPS,5110964c-2b48-46b7-a73a-38b10b8c0b9e,assume,group,assume,Visit long mission bar third.,2021-03-05,2024-01-14,10,5110964c-2b48-46b7-a73a-38b10b8c0b9e,group,2021-08-24,2021-07-26,Former fire never candidate democratic will.,5110964c-2b48-46b7-a73a-38b10b8c0b9e,300
170,7d842f5e-e467-45cb-936b-0fa336b18c4d,355c2d2d-533f-43f7-a83c-5f034da99eb2,DATA_ENGINEERING,5110964c-2b48-46b7-a73a-38b10b8c0b9e,argue,group,argue,Speak drive build start risk boy.,2023-08-07,2023-11-11,10,5110964c-2b48-46b7-a73a-38b10b8c0b9e,group,2021-08-24,2021-07-26,Former fire never candidate democratic will.,5110964c-2b48-46b7-a73a-38b10b8c0b9e,300
171,938370f7-dde4-4005-977d-61f3c08c9253,76fba540-2817-4293-b9ae-dd2aa77acbc1,DATA_ENGINEERING,5110964c-2b48-46b7-a73a-38b10b8c0b9e,positive,group,positive,National project game cup fill executive.,2022-10-06,2021-04-07,10,5110964c-2b48-46b7-a73a-38b10b8c0b9e,group,2021-08-24,2021-07-26,Former fire never candidate democratic will.,5110964c-2b48-46b7-a73a-38b10b8c0b9e,300
172,45b802a5-fa6e-4dae-b38b-8d0ec50753d7,355c2d2d-533f-43f7-a83c-5f034da99eb2,ADMIN,1bf01921-d7a5-491f-9d5a-8a190bf4bb9a,argue,fill,argue,Speak drive build start risk boy.,2023-08-07,2023-11-11,10,1bf01921-d7a5-491f-9d5a-8a190bf4bb9a,fill,2020-07-31,2021-02-23,Without course brother.,1bf01921-d7a5-491f-9d5a-8a190bf4bb9a,319
173,c54d9b38-ed60-4a57-8088-9631c7f536fc,355c2d2d-533f-43f7-a83c-5f034da99eb2,OTHER,0e5f1767-2df8-49b5-b470-5f7d3efaa991,argue,who,argue,Speak drive build start risk boy.,2023-08-07,2023-11-11,10,0e5f1767-2df8-49b5-b470-5f7d3efaa991,who,2020-07-25,2020-12-05,Peace stay explain worker many they.,0e5f1767-2df8-49b5-b470-5f7d3efaa991,328
174,7296e6db-ce3c-4c76-b6a9-395922b38879,19adcd6a-d040-43f5-8df4-f2776037d25e,DATA_ENGINEERING,0e5f1767-2df8-49b5-b470-5f7d3efaa991,improve,who,improve,Now outside four hundred weight both partner.,2021-02-20,2022-03-30,10,0e5f1767-2df8-49b5-b470-5f7d3efaa991,who,2020-07-25,2020-12-05,Peace stay explain worker many they.,0e5f1767-2df8-49b5-b470-5f7d3efaa991,328
175,09494ccd-6236-406c-8f90-a2c2f879e957,355c2d2d-533f-43f7-a83c-5f034da99eb2,DEVOPS,95e6743a-c690-4b08-914c-da0f8abfdd0f,argue,score,argue,Speak drive build start risk boy.,2023-08-07,2023-11-11,10,95e6743a-c690-4b08-914c-da0f8abfdd0f,score,2021-04-14,2021-12-22,Degree west someone ever number yes garden.,95e6743a-c690-4b08-914c-da0f8abfdd0f,309
176,a2fd1afd-7121-44ec-bc25-3c7d5b67e6d3,588b1281-668b-40a9-a85e-ad47dad7c018,FULL_STACK,95e6743a-c690-4b08-914c-da0f8abfdd0f,idea,score,idea,Second kitchen improve nor follow night.,2020-01-23,2023-06-28,10,95e6743a-c690-4b08-914c-da0f8abfdd0f,score,2021-04-14,2021-12-22,Degree west someone ever number yes garden.,95e6743a-c690-4b08-914c-da0f8abfdd0f,309
177,e9e71f81-2dce-431a-86f7-fb2fc2949391,2c8336a8-a2e4-4c10-8705-901c8f6b4775,DATA_ENGINEERING,40f233f6-a718-4bb7-899e-64f4200d7e3e,Democrat,investment,Democrat,I during beat worry however goal sort.,2022-04-14,2023-08-02,10,40f233f6-a718-4bb7-899e-64f4200d7e3e,investment,2020-12-07,2020-05-20,Attack eye staff four must traditional life.,40f233f6-a718-4bb7-899e-64f4200d7e3e,259
178,7d45be81-8381-4dcb-a9f9-2198a3f2f0c3,2c8336a8-a2e4-4c10-8705-901c8f6b4775,ADMIN,7cfe19a6-9751-42e0-a9b6-a8ec8c358f8a,Democrat,expect,Democrat,I during beat worry however goal sort.,2022-04-14,2023-08-02,10,7cfe19a6-9751-42e0-a9b6-a8ec8c358f8a,expect,2022-02-28,2024-01-12,Doctor fire share well play blood resource.,7cfe19a6-9751-42e0-a9b6-a8ec8c358f8a,302
179,67f3216e-8e5b-4db2-ac56-7e33ca8af49d,19adcd6a-d040-43f5-8df4-f2776037d25e,DATA_ENGINEERING,7cfe19a6-9751-42e0-a9b6-a8ec8c358f8a,improve,expect,improve,Now outside four hundred weight both partner.,2021-02-20,2022-03-30,10,7cfe19a6-9751-42e0-a9b6-a8ec8c358f8a,expect,2022-02-28,2024-01-12,Doctor fire share well play blood resource.,7cfe19a6-9751-42e0-a9b6-a8ec8c358f8a,302
180,c5542978-d8a8-45b6-a93a-a3d09ddc477b,2c8336a8-a2e4-4c10-8705-901c8f6b4775,FULL_STACK,77f54e32-4aaf-4f42-8b50-5d4ae4674804,Democrat,technology,Democrat,I during beat worry however goal sort.,2022-04-14,2023-08-02,10,77f54e32-4aaf-4f42-8b50-5d4ae4674804,technology,2023-09-28,2022-12-13,Finally debate what lead eight somebody.,77f54e32-4aaf-4f42-8b50-5d4ae4674804,297
181,612456e7-0ba8-4c64-866f-499cef364326,68d523fe-d71a-4a66-915a-950cbce914e2,DATA_ENGINEERING,77f54e32-4aaf-4f42-8b50-5d4ae4674804,talk,technology,talk,Few bring tree.,2020-08-29,2021-07-17,10,77f54e32-4aaf-4f42-8b50-5d4ae4674804,technology,2023-09-28,2022-12-13,Finally debate what lead eight somebody.,77f54e32-4aaf-4f42-8b50-5d4ae4674804,297
182,c70c194b-85fb-469b-85c5-1925095cdb4e,588b1281-668b-40a9-a85e-ad47dad7c018,DATA_ANALYTICS,77f54e32-4aaf-4f42-8b50-5d4ae4674804,idea,technology,idea,Second kitchen improve nor follow night.,2020-01-23,2023-06-28,10,77f54e32-4aaf-4f42-8b50-5d4ae4674804,technology,2023-09-28,2022-12-13,Finally debate what lead eight somebody.,77f54e32-4aaf-4f42-8b50-5d4ae4674804,297
183,47bf4472-ee02-44df-9fbe-edfe2a8ee53c,68d523fe-d71a-4a66-915a-950cbce914e2,FULL_STACK,74e1426d-a067-4e70-88bb-310fe6fd61b1,talk,activity,talk,Few bring tree.,2020-08-29,2021-07-17,10,74e1426d-a067-4e70-88bb-310fe6fd61b1,activity,2021-08-21,2024-03-03,Already party then.,74e1426d-a067-4e70-88bb-310fe6fd61b1,304
184,b48fd5fe-5dd9-4913-9f05-4223ee56c378,3bff3276-ee0f-45d2-8dcd-df07d5cb8346,DATA_ENGINEERING,74e1426d-a067-4e70-88bb-310fe6fd61b1,very,activity,very,Keep to test set remember bill safe.,2024-01-25,2023-06-21,10,74e1426d-a067-4e70-88bb-310fe6fd61b1,activity,2021-08-21,2024-03-03,Already party then.,74e1426d-a067-4e70-88bb-310fe6fd61b1,304
185,9925e394-1150-47fc-bdd6-6361003a0cff,6d1f0af0-6bbb-470a-8134-ecaaeae6d623,DATA_ANALYTICS,663c72e8-a447-4084-8a97-d1a922d049fc,decision,give,decision,Of world financial ready protect.,2024-07-13,2021-12-17,10,663c72e8-a447-4084-8a97-d1a922d049fc,give,2021-07-28,2020-05-25,Several against billion example either.,663c72e8-a447-4084-8a97-d1a922d049fc,266
186,337a489d-85c8-4423-8a45-735a80cba9e7,6d1f0af0-6bbb-470a-8134-ecaaeae6d623,OTHER,61117b2a-bb70-4dd8-9513-d1c6fbba2be9,decision,big,decision,Of world financial ready protect.,2024-07-13,2021-12-17,10,61117b2a-bb70-4dd8-9513-d1c6fbba2be9,big,2024-03-22,2023-09-24,West room get baby.,61117b2a-bb70-4dd8-9513-d1c6fbba2be9,286
187,880921f6-f349-4130-8470-6fa64c0a9088,588b1281-668b-40a9-a85e-ad47dad7c018,DATA_ANALYTICS,61117b2a-bb70-4dd8-9513-d1c6fbba2be9,idea,big,idea,Second kitchen improve nor follow night.,2020-01-23,2023-06-28,10,61117b2a-bb70-4dd8-9513-d1c6fbba2be9,big,2024-03-22,2023-09-24,West room get baby.,61117b2a-bb70-4dd8-9513-d1c6fbba2be9,286
188,baef9deb-ffce-4a52-a7ed-f87ae2470908,6d1f0af0-6bbb-470a-8134-ecaaeae6d623,DATA_ENGINEERING,ce1dcad0-f18b-4258-aca7-9fdb2b6f7d7e,decision,individual,decision,Of world financial ready protect.,2024-07-13,2021-12-17,10,ce1dcad0-f18b-4258-aca7-9fdb2b6f7d7e,individual,2024-04-18,2022-01-23,Help land stock law summer past writer.,ce1dcad0-f18b-4258-aca7-9fdb2b6f7d7e,285
189,9a4365ad-05ee-4360-bcba-011179892a8b,19adcd6a-d040-43f5-8df4-f2776037d25e,DATA_ANALYTICS,49f3d6df-1c4c-41d4-86da-6b00b078753b,improve,thousand,improve,Now outside four hundred weight both partner.,2021-02-20,2022-03-30,10,49f3d6df-1c4c-41d4-86da-6b00b078753b,thousand,2020-07-02,2020-04-06,Spring up tough.,49f3d6df-1c4c-41d4-86da-6b00b078753b,301
190,592d9662-447c-4722-b085-5c25c4d3df77,588b1281-668b-40a9-a85e-ad47dad7c018,FULL_STACK,49f3d6df-1c4c-41d4-86da-6b00b078753b,idea,thousand,idea,Second kitchen improve nor follow night.,2020-01-23,2023-06-28,10,49f3d6df-1c4c-41d4-86da-6b00b078753b,thousand,2020-07-02,2020-04-06,Spring up tough.,49f3d6df-1c4c-41d4-86da-6b00b078753b,301
191,298cf970-1572-48d3-945c-8a25a82ea2be,76fba540-2817-4293-b9ae-dd2aa77acbc1,OTHER,49f3d6df-1c4c-41d4-86da-6b00b078753b,positive,thousand,positive,National project game cup fill executive.,2022-10-06,2021-04-07,10,49f3d6df-1c4c-41d4-86da-6b00b078753b,thousand,2020-07-02,2020-04-06,Spring up tough.,49f3d6df-1c4c-41d4-86da-6b00b078753b,301
192,9a2a0261-2c60-4ddc-8fd0-18ae2c6c9369,19adcd6a-d040-43f5-8df4-f2776037d25e,DATA_ENGINEERING,66126a5d-859e-4c0a-86fd-1e85a07e0e77,improve,goal,improve,Now outside four hundred weight both partner.,2021-02-20,2022-03-30,10,66126a5d-859e-4c0a-86fd-1e85a07e0e77,goal,2020-11-17,2021-05-19,Dinner know serve then window cup participant.,66126a5d-859e-4c0a-86fd-1e85a07e0e77,302
193,01b1658f-74ed-44eb-b0bb-ece0bbd8938d,9a857edb-7685-453d-bc33-ed5032191e9c,ADMIN,66126a5d-859e-4c0a-86fd-1e85a07e0e77,money,goal,money,Later by heart thought.,2023-01-12,2024-02-18,10,66126a5d-859e-4c0a-86fd-1e85a07e0e77,goal,2020-11-17,2021-05-19,Dinner know serve then window cup participant.,66126a5d-859e-4c0a-86fd-1e85a07e0e77,302
194,c9536e75-6c8c-426e-a65a-771ce3579be0,19adcd6a-d040-43f5-8df4-f2776037d25e,DATA_ENGINEERING,13a5c2e9-7cb8-4fc5-8ea1-04d6ac88edd7,improve,out,improve,Now outside four hundred weight both partner.,2021-02-20,2022-03-30,10,13a5c2e9-7cb8-4fc5-8ea1-04d6ac88edd7,out,2020-12-05,2022-10-26,Too piece military million yet cultural.,13a5c2e9-7cb8-4fc5-8ea1-04d6ac88edd7,325
195,de34c9ff-c671-4bcc-ba04-91ffa9400fe5,3bff3276-ee0f-45d2-8dcd-df07d5cb8346,DATA_ANALYTICS,11f8e7bb-8e5b-41f0-a8cc-39dbfc7792ba,very,reality,very,Keep to test set remember bill safe.,2024-01-25,2023-06-21,10,11f8e7bb-8e5b-41f0-a8cc-39dbfc7792ba,reality,2023-01-14,2024-04-16,Enjoy trouble firm.,11f8e7bb-8e5b-41f0-a8cc-39dbfc7792ba,297
196,81e31540-249f-499d-92a5-49442c1b0cff,76fba540-2817-4293-b9ae-dd2aa77acbc1,DEVOPS,11f8e7bb-8e5b-41f0-a8cc-39dbfc7792ba,positive,reality,positive,National project game cup fill executive.,2022-10-06,2021-04-07,10,11f8e7bb-8e5b-41f0-a8cc-39dbfc7792ba,reality,2023-01-14,2024-04-16,Enjoy trouble firm.,11f8e7bb-8e5b-41f0-a8cc-39dbfc7792ba,297
197,dfdfa8b3-4c29-4caf-9654-2fd13e7791f2,3bff3276-ee0f-45d2-8dcd-df07d5cb8346,DATA_ENGINEERING,f23342cb-757b-4719-9c14-13405a9efb93,very,season,very,Keep to test set remember bill safe.,2024-01-25,2023-06-21,10,f23342cb-757b-4719-9c14-13405a9efb93,season,2020-05-07,2020-09-08,Teach little change even in catch central.,f23342cb-757b-4719-9c14-13405a9efb93,335
198,5579ec78-7560-4830-b8d8-8ed27e194aaa,3bff3276-ee0f-45d2-8dcd-df07d5cb8346,FULL_STACK,256b983f-a103-43f8-8b40-45f20f1e31b7,very,job,very,Keep to test set remember bill safe.,2024-01-25,2023-06-21,10,256b983f-a103-43f8-8b40-45f20f1e31b7,job,2022-04-20,2022-07-09,Artist leg rich house.,256b983f-a103-43f8-8b40-45f20f1e31b7,303
199,9c5b87f0-3a9c-460b-b828-0185420e4300,588b1281-668b-40a9-a85e-ad47dad7c018,OTHER,3ab82c57-6c5b-45f9-976a-e6691ea87602,idea,decision,idea,Second kitchen improve nor follow night.,2020-01-23,2023-06-28,10,3ab82c57-6c5b-45f9-976a-e6691ea87602,decision,2021-01-29,2020-07-14,Product member open suffer son.,3ab82c57-6c5b-45f9-976a-e6691ea87602,286
200,66249f23-81bf-4232-b87a-22da4c0352cb,9a857edb-7685-453d-bc33-ed5032191e9c,DATA_ENGINEERING,3ab82c57-6c5b-45f9-976a-e6691ea87602,money,decision,money,Later by heart thought.,2023-01-12,2024-02-18,10,3ab82c57-6c5b-45f9-976a-e6691ea87602,decision,2021-01-29,2020-07-14,Product member open suffer son.,3ab82c57-6c5b-45f9-976a-e6691ea87602,286
201,a3d06e76-e9f7-4f06-9c9c-0e0ba7efa632,588b1281-668b-40a9-a85e-ad47dad7c018,OTHER,3a113b8a-f485-4c4d-b32f-80cbd4c06621,idea,four,idea,Second kitchen improve nor follow night.,2020-01-23,2023-06-28,10,3a113b8a-f485-4c4d-b32f-80cbd4c06621,four,2024-01-21,2022-08-14,Cause future work like person tax.,3a113b8a-f485-4c4d-b32f-80cbd4c06621,308
202,20a57a87-c525-4da0-b64a-61cafd17dc03,9a857edb-7685-453d-bc33-ed5032191e9c,FULL_STACK,2aaa8a0a-c5ee-447f-b0bc-8660e7ece4b4,money,population,money,Later by heart thought.,2023-01-12,2024-02-18,10,2aaa8a0a-c5ee-447f-b0bc-8660e7ece4b4,population,2021-03-04,2022-01-21,Environmental health window television mother decade office.,2aaa8a0a-c5ee-447f-b0bc-8660e7ece4b4,313
203,c148ce31-1416-47d0-9039-3a5c21c8e512,76fba540-2817-4293-b9ae-dd2aa77acbc1,OTHER,4beafb0e-0466-469f-bd8c-c9144a8990f4,positive,study,positive,National project game cup fill executive.,2022-10-06,2021-04-07,10,4beafb0e-0466-469f-bd8c-c9144a8990f4,study,2021-03-18,2024-01-11,Foot available power.,4beafb0e-0466-469f-bd8c-c9144a8990f4,319
